Typ gracza,Pieniądze na wstępie,Lekkomyślność,Rozrzutność,Minimalna oczekiwana ręka,Wynik_pieniężny_gra_1,Wynik_pieniężny_gra_2,Wynik_pieniężny_gra_3,Wynik_pieniężny_gra_4,Wynik_pieniężny_gra_5,Wynik_pieniężny_gra_6,Wynik_pieniężny_gra_7,Wynik_pieniężny_gra_8,Wynik_pieniężny_gra_9,Wynik_pieniężny_gra_10
AveragePlayer,500,0.1,0.1,High card,290,78,28,28,28,28,28,28,28,3
AveragePlayer,500,0.1,0.1,High card,1150,832,83,33,33,33,0,0,0,0
AveragePlayer,500,0.1,0.1,High card,1300,1111,2500,3100,3608,3633,3691,3766,3841,3865
AveragePlayer,500,0.1,0.1,One pair,1912,2942,3381,3456,3481,3556,3581,3607,3633,3658
AveragePlayer,500,0.1,0.1,One pair,212,62,12,12,12,12,12,0,0,0
AveragePlayer,500,0.1,0.1,One pair,1570,1301,647,597,520,189,139,69,44,0
AveragePlayer,500,0.1,0.1,Two pair,375,1000,2312,3012,3380,3625,3700,3741,3782,3807
AveragePlayer,500,0.1,0.1,Two pair,360,92,42,42,0,0,0,0,0,0
AveragePlayer,500,0.1,0.1,Two pair,275,225,175,125,75,25,0,0,0,0
AveragePlayer,500,0.1,0.1,Three-of-a-Kind,216,25,25,25,0,0,0,0,0,0
AveragePlayer,500,0.1,0.1,Three-of-a-Kind,300,90,40,40,15,0,0,0,0,0
AveragePlayer,500,0.1,0.1,Three-of-a-Kind,325,149,99,49,49,49,49,0,0,0
AveragePlayer,500,0.1,0.1,Straight,450,338,131,81,31,31,31,31,31,0
AveragePlayer,500,0.1,0.1,Straight,350,54,4,4,4,4,4,0,0,0
AveragePlayer,500,0.1,0.1,Straight,350,133,83,33,33,33,8,8,8,0
AveragePlayer,500,0.1,0.1,Flush,405,285,75,25,25,25,25,25,25,0
AveragePlayer,500,0.1,0.1,Flush,450,330,305,280,140,90,40,40,40,15
AveragePlayer,500,0.1,0.1,Flush,425,1225,1175,1907,1857,1807,1531,1271,983,114
AveragePlayer,500,0.1,0.1,Full house,450,350,350,95,45,45,20,20,20,20
AveragePlayer,500,0.1,0.1,Full house,450,240,240,215,165,140,90,40,40,40
AveragePlayer,500,0.1,0.1,Full house,450,400,350,350,350,300,250,200,150,100
AveragePlayer,500,0.1,0.1,Four-of-a-Kind,450,400,350,325,325,300,250,250,200,200
AveragePlayer,500,0.1,0.1,Four-of-a-Kind,450,400,350,350,350,300,250,250,200,200
AveragePlayer,500,0.1,0.1,Four-of-a-Kind,450,400,350,325,275,225,225,225,225,175
AveragePlayer,500,0.1,0.1,Straight flush,450,400,350,300,300,300,300,250,200,200
AveragePlayer,500,0.1,0.1,Straight flush,450,400,350,300,275,275,275,250,225,225
AveragePlayer,500,0.1,0.1,Straight flush,425,375,350,350,300,300,250,250,250,250
AveragePlayer,500,0.1,0.5,High card,2175,2250,2325,2350,0,0,0,0,0,0
AveragePlayer,500,0.1,0.5,High card,1137,285,235,185,135,85,35,35,35,35
AveragePlayer,500,0.1,0.5,High card,71,21,21,21,21,0,0,0,0,0
AveragePlayer,500,0.1,0.5,One pair,176,126,76,26,26,26,26,26,26,26
AveragePlayer,500,0.1,0.5,One pair,136,86,36,36,11,11,11,11,0,0
AveragePlayer,500,0.1,0.5,One pair,65,40,40,0,0,0,0,0,0,0
AveragePlayer,500,0.1,0.5,Two pair,250,200,113,63,13,13,13,0,0,0
AveragePlayer,500,0.1,0.5,Two pair,2375,2450,2525,2600,2625,2700,0,0,0,0
AveragePlayer,500,0.1,0.5,Two pair,214,164,114,64,14,14,0,0,0,0
AveragePlayer,500,0.1,0.5,Three-of-a-Kind,250,200,132,82,32,32,32,32,32,32
AveragePlayer,500,0.1,0.5,Three-of-a-Kind,375,282,232,182,132,62,12,0,0,0
AveragePlayer,500,0.1,0.5,Three-of-a-Kind,65,15,15,0,0,0,0,0,0,0
AveragePlayer,500,0.1,0.5,Straight,350,0,0,0,0,0,0,0,0,0
AveragePlayer,500,0.1,0.5,Straight,375,244,194,144,94,44,44,44,44,44
AveragePlayer,500,0.1,0.5,Straight,355,267,217,167,117,67,17,17,17,17
AveragePlayer,500,0.1,0.5,Flush,425,282,212,162,112,42,17,17,0,0
AveragePlayer,500,0.1,0.5,Flush,350,138,88,38,38,38,13,13,0,0
AveragePlayer,500,0.1,0.5,Flush,338,288,238,188,88,38,38,38,13,0
AveragePlayer,500,0.1,0.5,Full house,450,0,0,0,0,0,0,0,0,0
AveragePlayer,500,0.1,0.5,Full house,450,400,350,300,250,188,138,88,38,38
AveragePlayer,500,0.1,0.5,Full house,450,400,350,300,102,52,2,2,2,2
AveragePlayer,500,0.1,0.5,Four-of-a-Kind,450,400,350,300,250,200,150,100,50,50
AveragePlayer,500,0.1,0.5,Four-of-a-Kind,450,400,350,263,213,163,113,63,13,13
AveragePlayer,500,0.1,0.5,Four-of-a-Kind,450,338,288,238,188,138,88,38,13,13
AveragePlayer,500,0.1,0.5,Straight flush,375,325,275,225,175,125,75,25,25,25
AveragePlayer,500,0.1,0.5,Straight flush,450,375,325,275,200,150,100,50,0,0
AveragePlayer,500,0.1,0.5,Straight flush,450,400,350,300,250,200,150,100,50,50
AveragePlayer,500,0.1,0.9,High card,10,10,10,0,0,0,0,0,0,0
AveragePlayer,500,0.1,0.9,High card,50,0,0,0,0,0,0,0,0,0
AveragePlayer,500,0.1,0.9,High card,50,0,0,0,0,0,0,0,0,0
AveragePlayer,500,0.1,0.9,One pair,50,0,0,0,0,0,0,0,0,0
AveragePlayer,500,0.1,0.9,One pair,50,0,0,0,0,0,0,0,0,0
AveragePlayer,500,0.1,0.9,One pair,242,26,0,0,0,0,0,0,0,0
AveragePlayer,500,0.1,0.9,Two pair,50,25,0,0,0,0,0,0,0,0
AveragePlayer,500,0.1,0.9,Two pair,0,0,0,0,0,0,0,0,0,0
AveragePlayer,500,0.1,0.9,Two pair,50,0,0,0,0,0,0,0,0,0
AveragePlayer,500,0.1,0.9,Three-of-a-Kind,0,0,0,0,0,0,0,0,0,0
AveragePlayer,500,0.1,0.9,Three-of-a-Kind,50,0,0,0,0,0,0,0,0,0
AveragePlayer,500,0.1,0.9,Three-of-a-Kind,50,0,0,0,0,0,0,0,0,0
AveragePlayer,500,0.1,0.9,Straight,250,124,74,24,0,0,0,0,0,0
AveragePlayer,500,0.1,0.9,Straight,0,0,0,0,0,0,0,0,0,0
AveragePlayer,500,0.1,0.9,Straight,223,123,73,23,23,23,23,0,0,0
AveragePlayer,500,0.1,0.9,Flush,262,0,0,0,0,0,0,0,0,0
AveragePlayer,500,0.1,0.9,Flush,275,152,102,52,2,0,0,0,0,0
AveragePlayer,500,0.1,0.9,Flush,237,103,53,53,3,3,3,0,0,0
AveragePlayer,500,0.1,0.9,Full house,275,225,23,23,23,23,23,23,23,23
AveragePlayer,500,0.1,0.9,Full house,225,124,69,19,19,0,0,0,0,0
AveragePlayer,500,0.1,0.9,Full house,450,46,46,21,21,0,0,0,0,0
AveragePlayer,500,0.1,0.9,Four-of-a-Kind,450,400,350,300,250,200,150,100,50,25
AveragePlayer,500,0.1,0.9,Four-of-a-Kind,275,225,175,125,75,25,25,25,25,0
AveragePlayer,500,0.1,0.9,Four-of-a-Kind,450,400,170,120,70,70,70,20,20,20
AveragePlayer,500,0.1,0.9,Straight flush,450,400,350,300,250,200,150,100,50,0
AveragePlayer,500,0.1,0.9,Straight flush,425,375,325,275,225,175,83,58,8,0
AveragePlayer,500,0.1,0.9,Straight flush,375,275,152,102,52,52,2,2,2,0
AveragePlayer,500,0.5,0.1,High card,275,225,175,125,75,25,25,0,0,0
AveragePlayer,500,0.5,0.1,High card,350,925,1565,2291,2849,3063,3129,3204,3279,3329
AveragePlayer,500,0.5,0.1,High card,1275,1125,2130,2972,3448,3704,3779,3844,3883,3931
AveragePlayer,500,0.5,0.1,One pair,290,140,90,40,40,40,0,0,0,0
AveragePlayer,500,0.5,0.1,One pair,290,128,78,28,28,28,3,0,0,0
AveragePlayer,500,0.5,0.1,One pair,275,225,175,725,79,29,29,29,29,29
AveragePlayer,500,0.5,0.1,Two pair,2957,3032,3107,3182,3257,3332,3407,3482,3556,3606
AveragePlayer,500,0.5,0.1,Two pair,325,119,69,19,19,0,0,0,0,0
AveragePlayer,500,0.5,0.1,Two pair,300,88,38,13,13,13,0,0,0,0
AveragePlayer,500,0.5,0.1,Three-of-a-Kind,1570,2931,3006,3081,3564,3635,3706,3706,3706,3731
AveragePlayer,500,0.5,0.1,Three-of-a-Kind,1350,2665,3513,3538,3585,3642,3642,3674,3749,3781
AveragePlayer,500,0.5,0.1,Three-of-a-Kind,275,225,175,125,75,25,25,25,25,25
AveragePlayer,500,0.5,0.1,Straight,425,223,173,123,73,23,0,0,0,0
AveragePlayer,500,0.5,0.1,Straight,400,130,80,30,30,5,0,0,0,0
AveragePlayer,500,0.5,0.1,Straight,275,173,23,23,23,23,23,0,0,0
AveragePlayer,500,0.5,0.1,Flush,400,64,64,14,14,14,0,0,0,0
AveragePlayer,500,0.5,0.1,Flush,350,350,350,300,250,200,150,100,50,0
AveragePlayer,500,0.5,0.1,Flush,450,106,56,56,6,6,6,6,6,6
AveragePlayer,500,0.5,0.1,Full house,378,353,303,253,203,153,103,103,53,53
AveragePlayer,500,0.5,0.1,Full house,350,250,100,50,50,25,25,0,0,0
AveragePlayer,500,0.5,0.1,Full house,450,400,74,24,24,24,24,0,0,0
AveragePlayer,500,0.5,0.1,Four-of-a-Kind,425,362,362,337,337,312,287,237,237,237
AveragePlayer,500,0.5,0.1,Four-of-a-Kind,450,394,244,194,80,30,30,0,0,0
AveragePlayer,500,0.5,0.1,Four-of-a-Kind,405,131,81,31,31,0,0,0,0,0
AveragePlayer,500,0.5,0.1,Straight flush,400,350,300,300,300,300,250,200,200,200
AveragePlayer,500,0.5,0.1,Straight flush,450,164,114,64,14,14,14,14,14,14
AveragePlayer,500,0.5,0.1,Straight flush,375,325,275,225,200,175,175,125,125,125
AveragePlayer,500,0.5,0.5,High card,125,75,25,0,0,0,0,0,0,0
AveragePlayer,500,0.5,0.5,High card,125,75,5,5,0,0,0,0,0,0
AveragePlayer,500,0.5,0.5,High card,1875,1900,0,0,0,0,0,0,0,0
AveragePlayer,500,0.5,0.5,One pair,65,15,15,0,0,0,0,0,0,0
AveragePlayer,500,0.5,0.5,One pair,126,76,26,26,0,0,0,0,0,0
AveragePlayer,500,0.5,0.5,One pair,0,0,0,0,0,0,0,0,0,0
AveragePlayer,500,0.5,0.5,Two pair,176,126,76,26,26,26,26,26,1,1
AveragePlayer,500,0.5,0.5,Two pair,0,0,0,0,0,0,0,0,0,0
AveragePlayer,500,0.5,0.5,Two pair,0,0,0,0,0,0,0,0,0,0
AveragePlayer,500,0.5,0.5,Three-of-a-Kind,0,0,0,0,0,0,0,0,0,0
AveragePlayer,500,0.5,0.5,Three-of-a-Kind,0,0,0,0,0,0,0,0,0,0
AveragePlayer,500,0.5,0.5,Three-of-a-Kind,200,130,80,10,10,10,0,0,0,0
AveragePlayer,500,0.5,0.5,Straight,151,101,31,0,0,0,0,0,0,0
AveragePlayer,500,0.5,0.5,Straight,0,0,0,0,0,0,0,0,0,0
AveragePlayer,500,0.5,0.5,Straight,125,75,5,5,5,5,0,0,0,0
AveragePlayer,500,0.5,0.5,Flush,355,0,0,0,0,0,0,0,0,0
AveragePlayer,500,0.5,0.5,Flush,200,150,100,30,30,30,5,5,0,0
AveragePlayer,500,0.5,0.5,Flush,0,0,0,0,0,0,0,0,0,0
AveragePlayer,500,0.5,0.5,Full house,300,250,150,50,0,0,0,0,0,0
AveragePlayer,500,0.5,0.5,Full house,0,0,0,0,0,0,0,0,0,0
AveragePlayer,500,0.5,0.5,Full house,318,220,170,120,50,25,0,0,0,0
AveragePlayer,500,0.5,0.5,Four-of-a-Kind,357,243,193,95,45,45,45,45,20,20
AveragePlayer,500,0.5,0.5,Four-of-a-Kind,375,325,244,194,144,94,44,44,0,0
AveragePlayer,500,0.5,0.5,Four-of-a-Kind,400,350,151,101,51,1,1,1,1,0
AveragePlayer,500,0.5,0.5,Straight flush,125,75,25,0,0,0,0,0,0,0
AveragePlayer,500,0.5,0.5,Straight flush,400,350,52,2,2,2,2,2,2,2
AveragePlayer,500,0.5,0.5,Straight flush,450,338,288,238,188,138,88,38,13,0
AveragePlayer,500,0.5,0.9,High card,0,0,0,0,0,0,0,0,0,0
AveragePlayer,500,0.5,0.9,High card,24,24,24,24,24,24,24,0,0,0
AveragePlayer,500,0.5,0.9,High card,50,0,0,0,0,0,0,0,0,0
AveragePlayer,500,0.5,0.9,One pair,50,0,0,0,0,0,0,0,0,0
AveragePlayer,500,0.5,0.9,One pair,50,0,0,0,0,0,0,0,0,0
AveragePlayer,500,0.5,0.9,One pair,0,0,0,0,0,0,0,0,0,0
AveragePlayer,500,0.5,0.9,Two pair,50,0,0,0,0,0,0,0,0,0
AveragePlayer,500,0.5,0.9,Two pair,0,0,0,0,0,0,0,0,0,0
AveragePlayer,500,0.5,0.9,Two pair,50,25,0,0,0,0,0,0,0,0
AveragePlayer,500,0.5,0.9,Three-of-a-Kind,0,0,0,0,0,0,0,0,0,0
AveragePlayer,500,0.5,0.9,Three-of-a-Kind,0,0,0,0,0,0,0,0,0,0
AveragePlayer,500,0.5,0.9,Three-of-a-Kind,0,0,0,0,0,0,0,0,0,0
AveragePlayer,500,0.5,0.9,Straight,50,0,0,0,0,0,0,0,0,0
AveragePlayer,500,0.5,0.9,Straight,50,25,25,25,0,0,0,0,0,0
AveragePlayer,500,0.5,0.9,Straight,0,0,0,0,0,0,0,0,0,0
AveragePlayer,500,0.5,0.9,Flush,0,0,0,0,0,0,0,0,0,0
AveragePlayer,500,0.5,0.9,Flush,450,0,0,0,0,0,0,0,0,0
AveragePlayer,500,0.5,0.9,Flush,250,138,88,38,13,13,13,13,13,0
AveragePlayer,500,0.5,0.9,Full house,262,0,0,0,0,0,0,0,0,0
AveragePlayer,500,0.5,0.9,Full house,225,97,47,47,47,47,0,0,0,0
AveragePlayer,500,0.5,0.9,Full house,0,0,0,0,0,0,0,0,0,0
AveragePlayer,500,0.5,0.9,Four-of-a-Kind,275,152,102,52,52,2,2,0,0,0
AveragePlayer,500,0.5,0.9,Four-of-a-Kind,450,400,40,40,40,0,0,0,0,0
AveragePlayer,500,0.5,0.9,Four-of-a-Kind,50,0,0,0,0,0,0,0,0,0
AveragePlayer,500,0.5,0.9,Straight flush,50,0,0,0,0,0,0,0,0,0
AveragePlayer,500,0.5,0.9,Straight flush,350,225,124,74,49,49,49,24,24,24
AveragePlayer,500,0.5,0.9,Straight flush,275,124,24,24,0,0,0,0,0,0
AveragePlayer,500,0.9,0.1,High card,149,99,49,49,49,0,0,0,0,0
AveragePlayer,500,0.9,0.1,High card,290,240,190,140,90,40,15,15,15,15
AveragePlayer,500,0.9,0.1,High card,275,225,175,125,75,25,0,0,0,0
AveragePlayer,500,0.9,0.1,One pair,275,123,73,23,23,23,23,23,23,23
AveragePlayer,500,0.9,0.1,One pair,1415,1205,2161,2693,3299,3349,3374,3399,3474,3549
AveragePlayer,500,0.9,0.1,One pair,1514,2797,2872,2947,3022,3076,3383,3458,3483,3533
AveragePlayer,500,0.9,0.1,Two pair,275,225,175,125,75,25,25,0,0,0
AveragePlayer,500,0.9,0.1,Two pair,290,965,755,122,72,22,22,22,0,0
AveragePlayer,500,0.9,0.1,Two pair,290,1088,938,1615,2053,2938,3620,3695,3730,3776
AveragePlayer,500,0.9,0.1,Three-of-a-Kind,1275,2766,2841,2916,2991,3066,3141,3216,3252,3327
AveragePlayer,500,0.9,0.1,Three-of-a-Kind,215,65,15,15,15,15,15,15,15,15
AveragePlayer,500,0.9,0.1,Three-of-a-Kind,152,102,52,2,2,2,2,0,0,0
AveragePlayer,500,0.9,0.1,Straight,1275,2484,2559,3359,3434,3508,3558,3608,3683,3758
AveragePlayer,500,0.9,0.1,Straight,290,28,0,0,0,0,0,0,0,0
AveragePlayer,500,0.9,0.1,Straight,290,62,37,37,37,37,12,12,12,12
AveragePlayer,500,0.9,0.1,Flush,360,1297,2350,2920,3308,3383,3458,3483,3558,3586
AveragePlayer,500,0.9,0.1,Flush,450,400,350,300,230,180,110,110,60,10
AveragePlayer,500,0.9,0.1,Flush,360,169,119,69,19,0,0,0,0,0
AveragePlayer,500,0.9,0.1,Full house,400,190,40,40,40,40,40,40,0,0
AveragePlayer,500,0.9,0.1,Full house,290,132,82,32,32,32,32,32,7,7
AveragePlayer,500,0.9,0.1,Full house,403,1153,221,171,121,71,46,0,0,0
AveragePlayer,500,0.9,0.1,Four-of-a-Kind,450,300,90,40,40,40,40,0,0,0
AveragePlayer,500,0.9,0.1,Four-of-a-Kind,383,333,102,52,2,2,0,0,0,0
AveragePlayer,500,0.9,0.1,Four-of-a-Kind,275,0,0,0,0,0,0,0,0,0
AveragePlayer,500,0.9,0.1,Straight flush,275,125,25,25,25,25,25,0,0,0
AveragePlayer,500,0.9,0.1,Straight flush,350,163,163,113,63,13,13,13,13,13
AveragePlayer,500,0.9,0.1,Straight flush,350,155,105,55,5,0,0,0,0,0
AveragePlayer,500,0.9,0.5,High card,0,0,0,0,0,0,0,0,0,0
AveragePlayer,500,0.9,0.5,High card,0,0,0,0,0,0,0,0,0,0
AveragePlayer,500,0.9,0.5,High card,0,0,0,0,0,0,0,0,0,0
AveragePlayer,500,0.9,0.5,One pair,0,0,0,0,0,0,0,0,0,0
AveragePlayer,500,0.9,0.5,One pair,0,0,0,0,0,0,0,0,0,0
AveragePlayer,500,0.9,0.5,One pair,0,0,0,0,0,0,0,0,0,0
AveragePlayer,500,0.9,0.5,Two pair,0,0,0,0,0,0,0,0,0,0
AveragePlayer,500,0.9,0.5,Two pair,0,0,0,0,0,0,0,0,0,0
AveragePlayer,500,0.9,0.5,Two pair,0,0,0,0,0,0,0,0,0,0
AveragePlayer,500,0.9,0.5,Three-of-a-Kind,0,0,0,0,0,0,0,0,0,0
AveragePlayer,500,0.9,0.5,Three-of-a-Kind,0,0,0,0,0,0,0,0,0,0
AveragePlayer,500,0.9,0.5,Three-of-a-Kind,0,0,0,0,0,0,0,0,0,0
AveragePlayer,500,0.9,0.5,Straight,0,0,0,0,0,0,0,0,0,0
AveragePlayer,500,0.9,0.5,Straight,0,0,0,0,0,0,0,0,0,0
AveragePlayer,500,0.9,0.5,Straight,0,0,0,0,0,0,0,0,0,0
AveragePlayer,500,0.9,0.5,Flush,0,0,0,0,0,0,0,0,0,0
AveragePlayer,500,0.9,0.5,Flush,125,75,25,0,0,0,0,0,0,0
AveragePlayer,500,0.9,0.5,Flush,1725,0,0,0,0,0,0,0,0,0
AveragePlayer,500,0.9,0.5,Full house,0,0,0,0,0,0,0,0,0,0
AveragePlayer,500,0.9,0.5,Full house,0,0,0,0,0,0,0,0,0,0
AveragePlayer,500,0.9,0.5,Full house,0,0,0,0,0,0,0,0,0,0
AveragePlayer,500,0.9,0.5,Four-of-a-Kind,149,99,49,49,49,24,24,24,24,0
AveragePlayer,500,0.9,0.5,Four-of-a-Kind,2200,2275,0,0,0,0,0,0,0,0
AveragePlayer,500,0.9,0.5,Four-of-a-Kind,275,225,75,25,25,25,25,25,25,0
AveragePlayer,500,0.9,0.5,Straight flush,357,90,40,0,0,0,0,0,0,0
AveragePlayer,500,0.9,0.5,Straight flush,125,75,25,25,25,0,0,0,0,0
AveragePlayer,500,0.9,0.5,Straight flush,125,75,50,0,0,0,0,0,0,0
AveragePlayer,500,0.9,0.9,High card,0,0,0,0,0,0,0,0,0,0
AveragePlayer,500,0.9,0.9,High card,0,0,0,0,0,0,0,0,0,0
AveragePlayer,500,0.9,0.9,High card,223,0,0,0,0,0,0,0,0,0
AveragePlayer,500,0.9,0.9,One pair,0,0,0,0,0,0,0,0,0,0
AveragePlayer,500,0.9,0.9,One pair,0,0,0,0,0,0,0,0,0,0
AveragePlayer,500,0.9,0.9,One pair,0,0,0,0,0,0,0,0,0,0
AveragePlayer,500,0.9,0.9,Two pair,0,0,0,0,0,0,0,0,0,0
AveragePlayer,500,0.9,0.9,Two pair,0,0,0,0,0,0,0,0,0,0
AveragePlayer,500,0.9,0.9,Two pair,50,0,0,0,0,0,0,0,0,0
AveragePlayer,500,0.9,0.9,Three-of-a-Kind,0,0,0,0,0,0,0,0,0,0
AveragePlayer,500,0.9,0.9,Three-of-a-Kind,0,0,0,0,0,0,0,0,0,0
AveragePlayer,500,0.9,0.9,Three-of-a-Kind,0,0,0,0,0,0,0,0,0,0
AveragePlayer,500,0.9,0.9,Straight,0,0,0,0,0,0,0,0,0,0
AveragePlayer,500,0.9,0.9,Straight,0,0,0,0,0,0,0,0,0,0
AveragePlayer,500,0.9,0.9,Straight,0,0,0,0,0,0,0,0,0,0
AveragePlayer,500,0.9,0.9,Flush,0,0,0,0,0,0,0,0,0,0
AveragePlayer,500,0.9,0.9,Flush,0,0,0,0,0,0,0,0,0,0
AveragePlayer,500,0.9,0.9,Flush,0,0,0,0,0,0,0,0,0,0
AveragePlayer,500,0.9,0.9,Full house,0,0,0,0,0,0,0,0,0,0
AveragePlayer,500,0.9,0.9,Full house,50,0,0,0,0,0,0,0,0,0
AveragePlayer,500,0.9,0.9,Full house,0,0,0,0,0,0,0,0,0,0
AveragePlayer,500,0.9,0.9,Four-of-a-Kind,50,0,0,0,0,0,0,0,0,0
AveragePlayer,500,0.9,0.9,Four-of-a-Kind,24,0,0,0,0,0,0,0,0,0
AveragePlayer,500,0.9,0.9,Four-of-a-Kind,50,0,0,0,0,0,0,0,0,0
AveragePlayer,500,0.9,0.9,Straight flush,50,0,0,0,0,0,0,0,0,0
AveragePlayer,500,0.9,0.9,Straight flush,50,25,25,25,25,0,0,0,0,0
AveragePlayer,500,0.9,0.9,Straight flush,50,0,0,0,0,0,0,0,0,0
AveragePlayer,2500,0.1,0.1,High card,1375,272,222,172,122,72,22,22,22,22
AveragePlayer,2500,0.1,0.1,High card,8550,12518,17593,17668,17716,17791,17841,17891,17966,18041
AveragePlayer,2500,0.1,0.1,High card,6920,7421,6308,696,646,596,546,496,446,396
AveragePlayer,2500,0.1,0.1,One pair,1129,1079,260,210,160,110,60,10,10,0
AveragePlayer,2500,0.1,0.1,One pair,6700,5695,4771,11003,12728,15369,15444,17885,17960,18035
AveragePlayer,2500,0.1,0.1,One pair,1249,250,200,150,100,50,0,0,0,0
AveragePlayer,2500,0.1,0.1,Two pair,1460,1410,376,326,276,226,176,126,76,26
AveragePlayer,2500,0.1,0.1,Two pair,975,925,875,825,775,725,655,605,555,505
AveragePlayer,2500,0.1,0.1,Two pair,1626,384,334,284,234,184,134,84,34,34
AveragePlayer,2500,0.1,0.1,Three-of-a-Kind,1750,630,560,510,460,410,360,310,260,110
AveragePlayer,2500,0.1,0.1,Three-of-a-Kind,1708,584,534,484,434,384,334,259,209,159
AveragePlayer,2500,0.1,0.1,Three-of-a-Kind,1750,1120,253,203,153,103,53,3,3,3
AveragePlayer,2500,0.1,0.1,Straight,2459,1617,638,583,533,483,433,363,313,263
AveragePlayer,2500,0.1,0.1,Straight,1708,1379,542,492,442,392,342,292,242,192
AveragePlayer,2500,0.1,0.1,Straight,1700,470,420,370,320,270,220,170,120,70
AveragePlayer,2500,0.1,0.1,Flush,2450,1732,1646,1564,1486,1436,1386,1336,1286,1236
AveragePlayer,2500,0.1,0.1,Flush,1460,205,180,130,130,80,30,30,30,30
AveragePlayer,2500,0.1,0.1,Flush,2125,929,879,829,779,729,679,629,414,364
AveragePlayer,2500,0.1,0.1,Full house,1750,1700,1650,452,402,352,327,277,227,177
AveragePlayer,2500,0.1,0.1,Full house,2450,1481,1431,1381,1331,1281,1231,1181,1131,1081
AveragePlayer,2500,0.1,0.1,Full house,2450,1155,1105,1055,1005,955,905,855,805,755
AveragePlayer,2500,0.1,0.1,Four-of-a-Kind,2105,2055,2005,1955,1905,1810,1760,1649,1599,1549
AveragePlayer,2500,0.1,0.1,Four-of-a-Kind,2450,2400,2350,2300,2250,2138,2088,2038,1988,1938
AveragePlayer,2500,0.1,0.1,Four-of-a-Kind,2450,2400,2350,2300,2250,2200,2150,2100,2050,849
AveragePlayer,2500,0.1,0.1,Straight flush,2450,1958,1236,1186,1136,1086,1036,986,936,886
AveragePlayer,2500,0.1,0.1,Straight flush,2450,2400,2350,2300,2250,2200,2150,2100,2050,2000
AveragePlayer,2500,0.1,0.1,Straight flush,2375,2325,2275,2225,2175,2125,2075,1972,1922,1872
AveragePlayer,2500,0.1,0.5,High card,565,424,318,0,0,0,0,0,0,0
AveragePlayer,2500,0.1,0.5,High card,0,0,0,0,0,0,0,0,0,0
AveragePlayer,2500,0.1,0.5,High card,565,424,318,239,189,119,69,19,19,0
AveragePlayer,2500,0.1,0.5,One pair,1200,900,675,507,0,0,0,0,0,0
AveragePlayer,2500,0.1,0.5,One pair,4391,12145,18292,18367,18442,18517,18545,18620,18695,18770
AveragePlayer,2500,0.1,0.5,One pair,565,424,281,231,181,131,61,11,0,0
AveragePlayer,2500,0.1,0.5,Two pair,514,218,168,118,68,18,18,18,18,0
AveragePlayer,2500,0.1,0.5,Two pair,1250,586,440,330,248,198,148,98,48,48
AveragePlayer,2500,0.1,0.5,Two pair,1810,280,230,180,130,80,30,30,5,5
AveragePlayer,2500,0.1,0.5,Three-of-a-Kind,0,0,0,0,0,0,0,0,0,0
AveragePlayer,2500,0.1,0.5,Three-of-a-Kind,0,0,0,0,0,0,0,0,0,0
AveragePlayer,2500,0.1,0.5,Three-of-a-Kind,625,469,352,264,214,164,114,64,14,14
AveragePlayer,2500,0.1,0.5,Straight,1850,901,676,470,353,265,215,162,112,62
AveragePlayer,2500,0.1,0.5,Straight,1225,919,0,0,0,0,0,0,0,0
AveragePlayer,2500,0.1,0.5,Straight,6262,15905,15955,16030,16055,16130,16205,16255,16330,16405
AveragePlayer,2500,0.1,0.5,Flush,2105,1856,1392,1044,783,588,494,444,333,250
AveragePlayer,2500,0.1,0.5,Flush,2450,1838,690,518,370,320,240,190,140,90
AveragePlayer,2500,0.1,0.5,Flush,2450,1110,480,360,270,220,170,120,70,20
AveragePlayer,2500,0.1,0.5,Full house,2125,0,0,0,0,0,0,0,0,0
AveragePlayer,2500,0.1,0.5,Full house,2450,2400,2350,1744,1694,1271,1221,916,866,650
AveragePlayer,2500,0.1,0.5,Full house,1875,1407,5268,4177,3108,2547,2091,1569,1519,1140
AveragePlayer,2500,0.1,0.5,Four-of-a-Kind,2450,2400,2350,803,753,565,515,465,415,365
AveragePlayer,2500,0.1,0.5,Four-of-a-Kind,2450,2311,990,940,705,655,605,555,505,455
AveragePlayer,2500,0.1,0.5,Four-of-a-Kind,2450,1838,324,243,193,143,93,43,43,43
AveragePlayer,2500,0.1,0.5,Straight flush,2450,2132,2082,376,245,195,145,95,45,45
AveragePlayer,2500,0.1,0.5,Straight flush,2450,2115,2065,2015,870,820,770,720,670,620
AveragePlayer,2500,0.1,0.5,Straight flush,2450,2400,1070,803,753,703,653,603,553,503
AveragePlayer,2500,0.1,0.9,High card,250,138,88,38,38,38,13,13,13,0
AveragePlayer,2500,0.1,0.9,High card,196,0,0,0,0,0,0,0,0,0
AveragePlayer,2500,0.1,0.9,High card,225,97,47,47,47,47,47,47,0,0
AveragePlayer,2500,0.1,0.9,One pair,250,138,88,38,38,38,13,13,0,0
AveragePlayer,2500,0.1,0.9,One pair,210,0,0,0,0,0,0,0,0,0
AveragePlayer,2500,0.1,0.9,One pair,250,138,88,38,0,0,0,0,0,0
AveragePlayer,2500,0.1,0.9,Two pair,1375,0,0,0,0,0,0,0,0,0
AveragePlayer,2500,0.1,0.9,Two pair,250,138,88,38,38,38,38,38,38,38
AveragePlayer,2500,0.1,0.9,Two pair,1325,715,0,0,0,0,0,0,0,0
AveragePlayer,2500,0.1,0.9,Three-of-a-Kind,224,124,74,24,0,0,0,0,0,0
AveragePlayer,2500,0.1,0.9,Three-of-a-Kind,196,108,58,8,0,0,0,0,0,0
AveragePlayer,2500,0.1,0.9,Three-of-a-Kind,0,0,0,0,0,0,0,0,0,0
AveragePlayer,2500,0.1,0.9,Straight,1325,133,83,33,8,8,8,8,8,8
AveragePlayer,2500,0.1,0.9,Straight,1325,0,0,0,0,0,0,0,0,0
AveragePlayer,2500,0.1,0.9,Straight,250,26,1,0,0,0,0,0,0,0
AveragePlayer,2500,0.1,0.9,Flush,1348,742,409,359,0,0,0,0,0,0
AveragePlayer,2500,0.1,0.9,Flush,2450,246,136,86,36,36,36,36,36,11
AveragePlayer,2500,0.1,0.9,Flush,2450,1348,136,86,36,36,36,0,0,0
AveragePlayer,2500,0.1,0.9,Full house,2450,1309,695,383,313,173,123,73,23,23
AveragePlayer,2500,0.1,0.9,Full house,0,0,0,0,0,0,0,0,0,0
AveragePlayer,2500,0.1,0.9,Full house,2075,2025,1975,171,121,71,21,21,0,0
AveragePlayer,2500,0.1,0.9,Four-of-a-Kind,250,200,150,100,50,50,25,25,0,0
AveragePlayer,2500,0.1,0.9,Four-of-a-Kind,2450,2135,2085,2035,889,839,789,739,689,639
AveragePlayer,2500,0.1,0.9,Four-of-a-Kind,2450,2400,0,0,0,0,0,0,0,0
AveragePlayer,2500,0.1,0.9,Straight flush,2450,2112,1135,991,834,784,363,313,159,109
AveragePlayer,2500,0.1,0.9,Straight flush,2450,2092,2042,822,453,403,353,303,253,203
AveragePlayer,2500,0.1,0.9,Straight flush,2450,2400,1519,1469,1419,1369,1319,726,676,626
AveragePlayer,2500,0.5,0.1,High card,7100,17115,17165,17215,17290,17365,17440,17495,17570,17595
AveragePlayer,2500,0.5,0.1,High card,880,830,780,730,217,89,39,39,14,14
AveragePlayer,2500,0.5,0.1,High card,1249,313,263,213,163,113,63,13,13,13
AveragePlayer,2500,0.5,0.1,One pair,7850,14205,17085,17160,17210,17285,17360,17385,17460,17535
AveragePlayer,2500,0.5,0.1,One pair,1249,265,215,165,115,65,15,15,15,15
AveragePlayer,2500,0.5,0.1,One pair,1375,209,159,109,59,34,34,0,0,0
AveragePlayer,2500,0.5,0.1,Two pair,1000,927,877,320,270,220,170,120,70,20
AveragePlayer,2500,0.5,0.1,Two pair,1750,346,296,246,196,146,96,46,46,46
AveragePlayer,2500,0.5,0.1,Two pair,1375,219,169,119,69,19,0,0,0,0
AveragePlayer,2500,0.5,0.1,Three-of-a-Kind,6378,15378,17772,17847,17922,17962,18037,18087,18112,18177
AveragePlayer,2500,0.5,0.1,Three-of-a-Kind,1460,1410,202,152,102,52,2,0,0,0
AveragePlayer,2500,0.5,0.1,Three-of-a-Kind,6725,16305,16380,16455,16530,16605,16655,16730,16805,16880
AveragePlayer,2500,0.5,0.1,Straight,1000,930,860,790,740,670,600,530,460,390
AveragePlayer,2500,0.5,0.1,Straight,1189,1139,1083,1029,979,929,859,809,739,689
AveragePlayer,2500,0.5,0.1,Straight,2083,1251,124,74,24,0,0,0,0,0
AveragePlayer,2500,0.5,0.1,Flush,880,830,760,710,660,610,560,510,437,387
AveragePlayer,2500,0.5,0.1,Flush,2000,1200,247,197,197,147,97,47,22,22
AveragePlayer,2500,0.5,0.1,Flush,1670,1620,461,411,361,311,311,261,211,211
AveragePlayer,2500,0.5,0.1,Full house,2352,2302,1382,1332,1282,1232,1123,1073,1023,973
AveragePlayer,2500,0.5,0.1,Full house,950,855,805,755,705,655,585,535,485,435
AveragePlayer,2500,0.5,0.1,Full house,1000,950,900,850,800,447,167,117,67,17
AveragePlayer,2500,0.5,0.1,Four-of-a-Kind,1312,1262,1212,1162,100,100,50,50,50,0
AveragePlayer,2500,0.5,0.1,Four-of-a-Kind,2375,2325,608,558,508,458,408,358,308,308
AveragePlayer,2500,0.5,0.1,Four-of-a-Kind,2125,1055,1005,955,905,855,805,755,705,655
AveragePlayer,2500,0.5,0.1,Straight flush,1700,1355,1305,1255,1205,1155,1105,1055,917,847
AveragePlayer,2500,0.5,0.1,Straight flush,2105,2055,1953,1903,1853,1259,1209,1109,1059,1009
AveragePlayer,2500,0.5,0.1,Straight flush,2125,1972,1922,376,326,276,226,226,176,126
AveragePlayer,2500,0.5,0.5,High card,454,0,0,0,0,0,0,0,0,0
AveragePlayer,2500,0.5,0.5,High card,0,0,0,0,0,0,0,0,0,0
AveragePlayer,2500,0.5,0.5,High card,571,0,0,0,0,0,0,0,0,0
AveragePlayer,2500,0.5,0.5,One pair,565,0,0,0,0,0,0,0,0,0
AveragePlayer,2500,0.5,0.5,One pair,8875,8925,9000,9075,0,0,0,0,0,0
AveragePlayer,2500,0.5,0.5,One pair,625,0,0,0,0,0,0,0,0,0
AveragePlayer,2500,0.5,0.5,Two pair,0,0,0,0,0,0,0,0,0,0
AveragePlayer,2500,0.5,0.5,Two pair,0,0,0,0,0,0,0,0,0,0
AveragePlayer,2500,0.5,0.5,Two pair,565,424,0,0,0,0,0,0,0,0
AveragePlayer,2500,0.5,0.5,Three-of-a-Kind,1250,919,0,0,0,0,0,0,0,0
AveragePlayer,2500,0.5,0.5,Three-of-a-Kind,505,0,0,0,0,0,0,0,0,0
AveragePlayer,2500,0.5,0.5,Three-of-a-Kind,0,0,0,0,0,0,0,0,0,0
AveragePlayer,2500,0.5,0.5,Straight,505,0,0,0,0,0,0,0,0,0
AveragePlayer,2500,0.5,0.5,Straight,0,0,0,0,0,0,0,0,0,0
AveragePlayer,2500,0.5,0.5,Straight,1875,0,0,0,0,0,0,0,0,0
AveragePlayer,2500,0.5,0.5,Flush,1875,0,0,0,0,0,0,0,0,0
AveragePlayer,2500,0.5,0.5,Flush,1855,0,0,0,0,0,0,0,0,0
AveragePlayer,2500,0.5,0.5,Flush,1225,919,690,640,0,0,0,0,0,0
AveragePlayer,2500,0.5,0.5,Full house,1850,926,0,0,0,0,0,0,0,0
AveragePlayer,2500,0.5,0.5,Full house,1210,908,681,474,356,0,0,0,0,0
AveragePlayer,2500,0.5,0.5,Full house,2125,1594,1171,1121,1071,785,735,552,0,0
AveragePlayer,2500,0.5,0.5,Four-of-a-Kind,2125,2075,1039,989,939,705,655,473,423,373
AveragePlayer,2500,0.5,0.5,Four-of-a-Kind,2085,931,881,661,611,440,312,234,184,134
AveragePlayer,2500,0.5,0.5,Four-of-a-Kind,8875,11110,11135,15293,15368,15443,15518,16444,16519,16544
AveragePlayer,2500,0.5,0.5,Straight flush,2450,2400,1800,1750,1275,957,718,501,451,401
AveragePlayer,2500,0.5,0.5,Straight flush,1818,1364,1023,749,562,512,347,261,211,161
AveragePlayer,2500,0.5,0.5,Straight flush,2450,1800,1332,1282,962,912,684,513,348,298
AveragePlayer,2500,0.5,0.9,High card,0,0,0,0,0,0,0,0,0,0
AveragePlayer,2500,0.5,0.9,High card,156,106,56,6,6,6,6,6,6,0
AveragePlayer,2500,0.5,0.9,High card,196,108,58,8,8,8,8,8,0,0
AveragePlayer,2500,0.5,0.9,One pair,250,0,0,0,0,0,0,0,0,0
AveragePlayer,2500,0.5,0.9,One pair,250,110,40,40,40,40,40,15,15,15
AveragePlayer,2500,0.5,0.9,One pair,0,0,0,0,0,0,0,0,0,0
AveragePlayer,2500,0.5,0.9,Two pair,6250,626,0,0,0,0,0,0,0,0
AveragePlayer,2500,0.5,0.9,Two pair,0,0,0,0,0,0,0,0,0,0
AveragePlayer,2500,0.5,0.9,Two pair,2509,251,0,0,0,0,0,0,0,0
AveragePlayer,2500,0.5,0.9,Three-of-a-Kind,0,0,0,0,0,0,0,0,0,0
AveragePlayer,2500,0.5,0.9,Three-of-a-Kind,250,0,0,0,0,0,0,0,0,0
AveragePlayer,2500,0.5,0.9,Three-of-a-Kind,250,138,88,38,0,0,0,0,0,0
AveragePlayer,2500,0.5,0.9,Straight,0,0,0,0,0,0,0,0,0,0
AveragePlayer,2500,0.5,0.9,Straight,210,116,66,16,16,16,16,16,16,16
AveragePlayer,2500,0.5,0.9,Straight,0,0,0,0,0,0,0,0,0,0
AveragePlayer,2500,0.5,0.9,Flush,250,0,0,0,0,0,0,0,0,0
AveragePlayer,2500,0.5,0.9,Flush,0,0,0,0,0,0,0,0,0,0
AveragePlayer,2500,0.5,0.9,Flush,210,0,0,0,0,0,0,0,0,0
AveragePlayer,2500,0.5,0.9,Full house,0,0,0,0,0,0,0,0,0,0
AveragePlayer,2500,0.5,0.9,Full house,0,0,0,0,0,0,0,0,0,0
AveragePlayer,2500,0.5,0.9,Full house,0,0,0,0,0,0,0,0,0,0
AveragePlayer,2500,0.5,0.9,Four-of-a-Kind,2104,0,0,0,0,0,0,0,0,0
AveragePlayer,2500,0.5,0.9,Four-of-a-Kind,250,200,150,100,50,50,0,0,0,0
AveragePlayer,2500,0.5,0.9,Four-of-a-Kind,1750,176,97,47,47,47,47,22,0,0
AveragePlayer,2500,0.5,0.9,Straight flush,2450,190,105,55,55,55,5,5,5,5
AveragePlayer,2500,0.5,0.9,Straight flush,224,124,74,24,24,24,24,24,0,0
AveragePlayer,2500,0.5,0.9,Straight flush,1330,1280,704,388,338,186,136,86,36,36
AveragePlayer,2500,0.9,0.1,High card,1000,903,833,763,693,623,553,483,413,343
AveragePlayer,2500,0.9,0.1,High card,940,870,800,730,646,590,520,447,377,307
AveragePlayer,2500,0.9,0.1,High card,6760,16579,16604,16672,16747,16797,16822,16847,16872,16922
AveragePlayer,2500,0.9,0.1,One pair,7590,15230,15305,15355,15405,15480,15505,15530,15605,15680
AveragePlayer,2500,0.9,0.1,One pair,1000,30,30,30,30,30,30,30,5,5
AveragePlayer,2500,0.9,0.1,One pair,8575,7291,8849,10763,13060,15772,15847,15913,15988,16063
AveragePlayer,2500,0.9,0.1,Two pair,1500,106,56,6,0,0,0,0,0,0
AveragePlayer,2500,0.9,0.1,Two pair,1395,1059,1007,933,863,793,723,627,557,487
AveragePlayer,2500,0.9,0.1,Two pair,880,565,495,425,355,305,255,205,155,105
AveragePlayer,2500,0.9,0.1,Three-of-a-Kind,1000,930,860,790,740,670,600,547,477,327
AveragePlayer,2500,0.9,0.1,Three-of-a-Kind,8075,14635,14685,17721,17753,17828,17903,17978,18028,18103
AveragePlayer,2500,0.9,0.1,Three-of-a-Kind,1410,293,243,193,143,93,43,43,43,43
AveragePlayer,2500,0.9,0.1,Straight,940,870,800,730,660,590,513,463,393,323
AveragePlayer,2500,0.9,0.1,Straight,1000,227,177,127,77,27,27,27,27,27
AveragePlayer,2500,0.9,0.1,Straight,880,830,741,671,601,548,478,408,338,288
AveragePlayer,2500,0.9,0.1,Flush,940,870,779,729,679,609,539,469,399,349
AveragePlayer,2500,0.9,0.1,Flush,1500,550,480,430,360,290,240,190,140,115
AveragePlayer,2500,0.9,0.1,Flush,1500,585,535,465,395,325,275,225,155,105
AveragePlayer,2500,0.9,0.1,Full house,2375,1360,352,302,252,202,152,102,52,2
AveragePlayer,2500,0.9,0.1,Full house,7400,17835,17910,17985,18035,18060,18110,18135,18185,18260
AveragePlayer,2500,0.9,0.1,Full house,980,910,364,314,264,214,164,114,64,14
AveragePlayer,2500,0.9,0.1,Four-of-a-Kind,1315,65,15,15,15,15,15,15,15,15
AveragePlayer,2500,0.9,0.1,Four-of-a-Kind,1249,1199,94,44,19,19,19,0,0,0
AveragePlayer,2500,0.9,0.1,Four-of-a-Kind,2063,1823,1823,338,168,118,68,43,43,43
AveragePlayer,2500,0.9,0.1,Straight flush,990,940,890,840,790,740,690,640,590,540
AveragePlayer,2500,0.9,0.1,Straight flush,1000,950,440,390,340,290,240,190,140,90
AveragePlayer,2500,0.9,0.1,Straight flush,6105,6055,5705,4670,4437,4192,1096,1046,996,946
AveragePlayer,2500,0.9,0.5,High card,0,0,0,0,0,0,0,0,0,0
AveragePlayer,2500,0.9,0.5,High card,0,0,0,0,0,0,0,0,0,0
AveragePlayer,2500,0.9,0.5,High card,0,0,0,0,0,0,0,0,0,0
AveragePlayer,2500,0.9,0.5,One pair,0,0,0,0,0,0,0,0,0,0
AveragePlayer,2500,0.9,0.5,One pair,0,0,0,0,0,0,0,0,0,0
AveragePlayer,2500,0.9,0.5,One pair,0,0,0,0,0,0,0,0,0,0
AveragePlayer,2500,0.9,0.5,Two pair,0,0,0,0,0,0,0,0,0,0
AveragePlayer,2500,0.9,0.5,Two pair,0,0,0,0,0,0,0,0,0,0
AveragePlayer,2500,0.9,0.5,Two pair,0,0,0,0,0,0,0,0,0,0
AveragePlayer,2500,0.9,0.5,Three-of-a-Kind,0,0,0,0,0,0,0,0,0,0
AveragePlayer,2500,0.9,0.5,Three-of-a-Kind,0,0,0,0,0,0,0,0,0,0
AveragePlayer,2500,0.9,0.5,Three-of-a-Kind,0,0,0,0,0,0,0,0,0,0
AveragePlayer,2500,0.9,0.5,Straight,0,0,0,0,0,0,0,0,0,0
AveragePlayer,2500,0.9,0.5,Straight,0,0,0,0,0,0,0,0,0,0
AveragePlayer,2500,0.9,0.5,Straight,0,0,0,0,0,0,0,0,0,0
AveragePlayer,2500,0.9,0.5,Flush,8775,0,0,0,0,0,0,0,0,0
AveragePlayer,2500,0.9,0.5,Flush,0,0,0,0,0,0,0,0,0,0
AveragePlayer,2500,0.9,0.5,Flush,0,0,0,0,0,0,0,0,0,0
AveragePlayer,2500,0.9,0.5,Full house,0,0,0,0,0,0,0,0,0,0
AveragePlayer,2500,0.9,0.5,Full house,6950,0,0,0,0,0,0,0,0,0
AveragePlayer,2500,0.9,0.5,Full house,454,341,256,192,122,72,22,22,0,0
AveragePlayer,2500,0.9,0.5,Four-of-a-Kind,511,365,274,138,69,19,0,0,0,0
AveragePlayer,2500,0.9,0.5,Four-of-a-Kind,454,341,237,187,137,87,37,37,37,12
AveragePlayer,2500,0.9,0.5,Four-of-a-Kind,1160,1110,833,625,575,432,324,274,224,168
AveragePlayer,2500,0.9,0.5,Straight flush,1149,862,647,486,346,296,246,196,146,96
AveragePlayer,2500,0.9,0.5,Straight flush,511,384,288,238,188,138,88,38,38,38
AveragePlayer,2500,0.9,0.5,Straight flush,514,239,189,139,89,39,39,39,39,39
AveragePlayer,2500,0.9,0.9,High card,0,0,0,0,0,0,0,0,0,0
AveragePlayer,2500,0.9,0.9,High card,0,0,0,0,0,0,0,0,0,0
AveragePlayer,2500,0.9,0.9,High card,0,0,0,0,0,0,0,0,0,0
AveragePlayer,2500,0.9,0.9,One pair,0,0,0,0,0,0,0,0,0,0
AveragePlayer,2500,0.9,0.9,One pair,0,0,0,0,0,0,0,0,0,0
AveragePlayer,2500,0.9,0.9,One pair,184,0,0,0,0,0,0,0,0,0
AveragePlayer,2500,0.9,0.9,Two pair,0,0,0,0,0,0,0,0,0,0
AveragePlayer,2500,0.9,0.9,Two pair,0,0,0,0,0,0,0,0,0,0
AveragePlayer,2500,0.9,0.9,Two pair,0,0,0,0,0,0,0,0,0,0
AveragePlayer,2500,0.9,0.9,Three-of-a-Kind,0,0,0,0,0,0,0,0,0,0
AveragePlayer,2500,0.9,0.9,Three-of-a-Kind,0,0,0,0,0,0,0,0,0,0
AveragePlayer,2500,0.9,0.9,Three-of-a-Kind,0,0,0,0,0,0,0,0,0,0
AveragePlayer,2500,0.9,0.9,Straight,0,0,0,0,0,0,0,0,0,0
AveragePlayer,2500,0.9,0.9,Straight,0,0,0,0,0,0,0,0,0,0
AveragePlayer,2500,0.9,0.9,Straight,0,0,0,0,0,0,0,0,0,0
AveragePlayer,2500,0.9,0.9,Flush,0,0,0,0,0,0,0,0,0,0
AveragePlayer,2500,0.9,0.9,Flush,0,0,0,0,0,0,0,0,0,0
AveragePlayer,2500,0.9,0.9,Flush,210,0,0,0,0,0,0,0,0,0
AveragePlayer,2500,0.9,0.9,Full house,196,0,0,0,0,0,0,0,0,0
AveragePlayer,2500,0.9,0.9,Full house,0,0,0,0,0,0,0,0,0,0
AveragePlayer,2500,0.9,0.9,Full house,196,108,58,33,0,0,0,0,0,0
AveragePlayer,2500,0.9,0.9,Four-of-a-Kind,250,110,60,10,10,10,10,0,0,0
AveragePlayer,2500,0.9,0.9,Four-of-a-Kind,250,200,110,60,10,10,10,10,10,10
AveragePlayer,2500,0.9,0.9,Four-of-a-Kind,250,0,0,0,0,0,0,0,0,0
AveragePlayer,2500,0.9,0.9,Straight flush,250,138,88,38,38,0,0,0,0,0
AveragePlayer,2500,0.9,0.9,Straight flush,250,138,76,26,1,1,1,1,1,1
AveragePlayer,2500,0.9,0.9,Straight flush,156,106,56,31,31,31,31,31,31,0
AveragePlayer,5000,0.1,0.1,High card,13325,11267,18916,23741,28534,32860,32935,34631,34706,34781
AveragePlayer,5000,0.1,0.1,High card,2750,2000,178,128,78,28,28,28,28,28
AveragePlayer,5000,0.1,0.1,High card,2687,725,675,625,575,525,475,425,375,325
AveragePlayer,5000,0.1,0.1,One pair,11243,9416,8380,22713,26434,29247,32365,35701,35776,35851
AveragePlayer,5000,0.1,0.1,One pair,1820,1729,1643,1561,1460,1410,1360,1310,1260,1210
AveragePlayer,5000,0.1,0.1,One pair,14100,11916,17966,25442,28061,28136,34107,34182,35966,36041
AveragePlayer,5000,0.1,0.1,Two pair,3370,1650,1568,1490,1440,1390,1340,1290,1240,1190
AveragePlayer,5000,0.1,0.1,Two pair,3450,1289,1239,1189,1130,1080,1026,976,926,620
AveragePlayer,5000,0.1,0.1,Two pair,14075,11966,10745,6382,13177,24090,29021,34875,36692,36742
AveragePlayer,5000,0.1,0.1,Three-of-a-Kind,3930,1258,1208,1158,1108,1058,1008,958,908,838
AveragePlayer,5000,0.1,0.1,Three-of-a-Kind,3433,886,836,786,700,650,600,550,500,430
AveragePlayer,5000,0.1,0.1,Three-of-a-Kind,3435,5852,6595,1453,790,740,690,640,590,540
AveragePlayer,5000,0.1,0.1,Straight,1950,1805,1715,1630,1549,1499,1449,1399,1349,1299
AveragePlayer,5000,0.1,0.1,Straight,4229,3364,1934,1838,678,628,578,528,478,408
AveragePlayer,5000,0.1,0.1,Straight,4208,2349,2232,1786,1697,1613,1264,1214,1164,1114
AveragePlayer,5000,0.1,0.1,Flush,4250,2547,2396,1917,1867,1727,1641,1559,1482,479
AveragePlayer,5000,0.1,0.1,Flush,15075,13504,22275,22225,20520,18303,13206,7054,7004,6654
AveragePlayer,5000,0.1,0.1,Flush,4200,0,0,0,0,0,0,0,0,0
AveragePlayer,5000,0.1,0.1,Full house,4950,4900,1233,1183,1133,1083,1033,983,933,863
AveragePlayer,5000,0.1,0.1,Full house,2000,1950,1853,1803,1690,1606,1526,1476,1426,1376
AveragePlayer,5000,0.1,0.1,Full house,4250,2600,2550,2500,2450,2328,2278,2165,2057,1931
AveragePlayer,5000,0.1,0.1,Four-of-a-Kind,4950,4900,4850,4800,4750,4700,1499,1449,1399,1349
AveragePlayer,5000,0.1,0.1,Four-of-a-Kind,4950,4900,4655,4605,4555,4505,4455,4405,4355,4183
AveragePlayer,5000,0.1,0.1,Four-of-a-Kind,4950,4900,4850,4800,4513,4288,4238,4188,3979,3929
AveragePlayer,5000,0.1,0.1,Straight flush,4950,4900,475,425,375,325,300,275,102,102
AveragePlayer,5000,0.1,0.1,Straight flush,4950,4900,712,662,612,562,512,462,412,362
AveragePlayer,5000,0.1,0.1,Straight flush,4950,4900,4850,4800,4750,4700,3286,3236,3027,2977
AveragePlayer,5000,0.1,0.5,High card,1190,0,0,0,0,0,0,0,0,0
AveragePlayer,5000,0.1,0.5,High card,1130,848,0,0,0,0,0,0,0,0
AveragePlayer,5000,0.1,0.5,High card,17575,17650,17700,0,0,0,0,0,0,0
AveragePlayer,5000,0.1,0.5,One pair,0,0,0,0,0,0,0,0,0,0
AveragePlayer,5000,0.1,0.5,One pair,13990,0,0,0,0,0,0,0,0,0
AveragePlayer,5000,0.1,0.5,One pair,20050,20125,0,0,0,0,0,0,0,0
AveragePlayer,5000,0.1,0.5,Two pair,0,0,0,0,0,0,0,0,0,0
AveragePlayer,5000,0.1,0.5,Two pair,2460,555,398,0,0,0,0,0,0,0
AveragePlayer,5000,0.1,0.5,Two pair,2475,561,421,279,229,179,129,79,29,0
AveragePlayer,5000,0.1,0.5,Three-of-a-Kind,2500,1875,1369,990,743,558,419,315,237,187
AveragePlayer,5000,0.1,0.5,Three-of-a-Kind,2500,565,405,304,254,204,154,104,54,4
AveragePlayer,5000,0.1,0.5,Three-of-a-Kind,0,0,0,0,0,0,0,0,0,0
AveragePlayer,5000,0.1,0.5,Straight,3730,2760,0,0,0,0,0,0,0,0
AveragePlayer,5000,0.1,0.5,Straight,1139,817,613,441,331,281,231,181,131,81
AveragePlayer,5000,0.1,0.5,Straight,0,0,0,0,0,0,0,0,0,0
AveragePlayer,5000,0.1,0.5,Flush,3732,2799,2100,0,0,0,0,0,0,0
AveragePlayer,5000,0.1,0.5,Flush,3730,3680,3630,2685,2014,1511,1461,1096,822,579
AveragePlayer,5000,0.1,0.5,Flush,26590,32467,32542,32592,32667,0,0,0,0,0
AveragePlayer,5000,0.1,0.5,Full house,0,0,0,0,0,0,0,0,0,0
AveragePlayer,5000,0.1,0.5,Full house,4950,3713,2766,2716,2666,0,0,0,0,0
AveragePlayer,5000,0.1,0.5,Full house,4230,4180,4130,3674,860,645,447,397,347,242
AveragePlayer,5000,0.1,0.5,Four-of-a-Kind,4950,4296,4246,4196,4146,4096,4046,3996,3946,3558
AveragePlayer,5000,0.1,0.5,Four-of-a-Kind,4250,4200,4150,4100,3075,3025,2975,2925,2875,2119
AveragePlayer,5000,0.1,0.5,Four-of-a-Kind,3416,1708,1658,1608,1558,1508,1458,1408,1358,1308
AveragePlayer,5000,0.1,0.5,Straight flush,4950,4900,4850,4800,4750,1620,1570,1520,1470,1420
AveragePlayer,5000,0.1,0.5,Straight flush,4950,1460,1410,1360,1310,1260,1210,1160,1110,1060
AveragePlayer,5000,0.1,0.5,Straight flush,4200,4150,473,423,373,323,273,223,173,123
AveragePlayer,5000,0.1,0.9,High card,500,0,0,0,0,0,0,0,0,0
AveragePlayer,5000,0.1,0.9,High card,474,234,129,71,21,21,0,0,0,0
AveragePlayer,5000,0.1,0.9,High card,500,248,137,87,37,37,12,0,0,0
AveragePlayer,5000,0.1,0.9,One pair,460,46,46,46,46,46,46,46,46,46
AveragePlayer,5000,0.1,0.9,One pair,0,0,0,0,0,0,0,0,0,0
AveragePlayer,5000,0.1,0.9,One pair,500,275,0,0,0,0,0,0,0,0
AveragePlayer,5000,0.1,0.9,Two pair,474,261,144,94,44,44,0,0,0,0
AveragePlayer,5000,0.1,0.9,Two pair,500,275,152,102,52,2,2,2,0,0
AveragePlayer,5000,0.1,0.9,Two pair,500,275,138,88,38,38,38,38,38,0
AveragePlayer,5000,0.1,0.9,Three-of-a-Kind,460,253,140,90,40,40,40,40,40,15
AveragePlayer,5000,0.1,0.9,Three-of-a-Kind,460,253,126,76,26,26,26,26,0,0
AveragePlayer,5000,0.1,0.9,Three-of-a-Kind,500,275,124,74,24,24,24,24,24,24
AveragePlayer,5000,0.1,0.9,Straight,434,239,104,54,4,4,4,4,4,4
AveragePlayer,5000,0.1,0.9,Straight,500,0,0,0,0,0,0,0,0,0
AveragePlayer,5000,0.1,0.9,Straight,2723,273,151,84,34,34,34,34,34,9
AveragePlayer,5000,0.1,0.9,Flush,2750,1513,833,783,431,381,331,183,101,51
AveragePlayer,5000,0.1,0.9,Flush,446,396,0,0,0,0,0,0,0,0
AveragePlayer,5000,0.1,0.9,Flush,0,0,0,0,0,0,0,0,0,0
AveragePlayer,5000,0.1,0.9,Full house,2700,1465,779,729,401,221,122,72,47,47
AveragePlayer,5000,0.1,0.9,Full house,460,253,140,90,40,0,0,0,0,0
AveragePlayer,5000,0.1,0.9,Full house,2750,1513,833,783,431,381,331,281,231,181
AveragePlayer,5000,0.1,0.9,Four-of-a-Kind,4950,4900,4850,4800,4750,2585,2535,2485,2435,2385
AveragePlayer,5000,0.1,0.9,Four-of-a-Kind,4950,4900,2695,2645,2595,2545,2495,2445,2395,1318
AveragePlayer,5000,0.1,0.9,Four-of-a-Kind,4950,4900,3948,3898,3848,2089,2039,1122,1072,710
AveragePlayer,5000,0.1,0.9,Straight flush,2750,1499,1449,1399,1349,1299,1249,1199,1149,1099
AveragePlayer,5000,0.1,0.9,Straight flush,4950,4900,847,797,747,697,647,597,547,497
AveragePlayer,5000,0.1,0.9,Straight flush,2750,1485,1435,1385,1335,1285,707,657,607,557
AveragePlayer,5000,0.5,0.1,High card,12160,16491,26454,35926,36001,36026,36076,36137,36162,36198
AveragePlayer,5000,0.5,0.1,High card,2750,477,427,357,307,257,207,157,107,57
AveragePlayer,5000,0.5,0.1,High card,1940,1843,1475,1425,1354,1287,1237,1176,941,891
AveragePlayer,5000,0.5,0.1,One pair,12125,34410,34485,34560,34605,34680,34725,34800,34825,34850
AveragePlayer,5000,0.5,0.1,One pair,2750,200,150,100,50,0,0,0,0,0
AveragePlayer,5000,0.5,0.1,One pair,2690,2556,2381,1905,1524,1425,1354,1287,1237,990
AveragePlayer,5000,0.5,0.1,Two pair,3416,506,456,386,316,246,196,146,96,46
AveragePlayer,5000,0.5,0.1,Two pair,1980,1881,1485,1411,1361,1311,1246,1196,1137,1087
AveragePlayer,5000,0.5,0.1,Two pair,2960,367,317,267,217,167,117,67,42,42
AveragePlayer,5000,0.5,0.1,Three-of-a-Kind,3366,2062,1650,1568,1255,1205,1155,1105,1050,1000
AveragePlayer,5000,0.5,0.1,Three-of-a-Kind,1975,1829,1464,1391,1341,1291,1241,1179,1121,1065
AveragePlayer,5000,0.5,0.1,Three-of-a-Kind,3416,2050,1600,1127,1071,970,920,870,820,750
AveragePlayer,5000,0.5,0.1,Straight,2975,2333,642,592,542,434,384,334,284,234
AveragePlayer,5000,0.5,0.1,Straight,3460,1996,1897,603,526,456,406,336,286,236
AveragePlayer,5000,0.5,0.1,Straight,3500,1400,1330,1280,1216,145,95,45,45,45
AveragePlayer,5000,0.5,0.1,Flush,3378,2703,2521,1977,751,690,640,590,472,422
AveragePlayer,5000,0.5,0.1,Flush,4225,4175,225,175,125,75,25,25,25,25
AveragePlayer,5000,0.5,0.1,Flush,2624,2493,2369,2251,1781,1692,1642,824,774,724
AveragePlayer,5000,0.5,0.1,Full house,4000,1114,1059,1007,957,862,812,762,712,662
AveragePlayer,5000,0.5,0.1,Full house,4950,4408,1090,1040,990,893,843,778,728,678
AveragePlayer,5000,0.5,0.1,Full house,4727,3703,2943,1767,224,174,124,124,74,74
AveragePlayer,5000,0.5,0.1,Four-of-a-Kind,1950,1853,1761,1711,1661,1555,1478,1428,1378,1328
AveragePlayer,5000,0.5,0.1,Four-of-a-Kind,3500,3325,3159,3109,3059,3009,2859,2717,2667,2534
AveragePlayer,5000,0.5,0.1,Four-of-a-Kind,2000,1900,1850,1800,1710,1660,1577,1527,1477,1427
AveragePlayer,5000,0.5,0.1,Straight flush,2750,2613,2435,2314,2264,2104,1999,1900,1805,1715
AveragePlayer,5000,0.5,0.1,Straight flush,4230,2895,944,894,844,794,744,694,644,355
AveragePlayer,5000,0.5,0.1,Straight flush,10612,9964,8470,5498,5224,4963,4913,4863,270,220
AveragePlayer,5000,0.5,0.5,High card,0,0,0,0,0,0,0,0,0,0
AveragePlayer,5000,0.5,0.5,High card,0,0,0,0,0,0,0,0,0,0
AveragePlayer,5000,0.5,0.5,High card,0,0,0,0,0,0,0,0,0,0
AveragePlayer,5000,0.5,0.5,One pair,0,0,0,0,0,0,0,0,0,0
AveragePlayer,5000,0.5,0.5,One pair,0,0,0,0,0,0,0,0,0,0
AveragePlayer,5000,0.5,0.5,One pair,1190,874,0,0,0,0,0,0,0,0
AveragePlayer,5000,0.5,0.5,Two pair,1190,0,0,0,0,0,0,0,0,0
AveragePlayer,5000,0.5,0.5,Two pair,2500,0,0,0,0,0,0,0,0,0
AveragePlayer,5000,0.5,0.5,Two pair,1250,938,0,0,0,0,0,0,0,0
AveragePlayer,5000,0.5,0.5,Three-of-a-Kind,0,0,0,0,0,0,0,0,0,0
AveragePlayer,5000,0.5,0.5,Three-of-a-Kind,0,0,0,0,0,0,0,0,0,0
AveragePlayer,5000,0.5,0.5,Three-of-a-Kind,0,0,0,0,0,0,0,0,0,0
AveragePlayer,5000,0.5,0.5,Straight,2410,1808,0,0,0,0,0,0,0,0
AveragePlayer,5000,0.5,0.5,Straight,3732,0,0,0,0,0,0,0,0,0
AveragePlayer,5000,0.5,0.5,Straight,2420,1815,1304,978,715,665,499,0,0,0
AveragePlayer,5000,0.5,0.5,Flush,3750,2813,1367,1317,1267,951,0,0,0,0
AveragePlayer,5000,0.5,0.5,Flush,3685,0,0,0,0,0,0,0,0,0
AveragePlayer,5000,0.5,0.5,Flush,4950,3485,2261,1659,1609,0,0,0,0,0
AveragePlayer,5000,0.5,0.5,Full house,0,0,0,0,0,0,0,0,0,0
AveragePlayer,5000,0.5,0.5,Full house,1955,1429,0,0,0,0,0,0,0,0
AveragePlayer,5000,0.5,0.5,Full house,4950,3713,0,0,0,0,0,0,0,0
AveragePlayer,5000,0.5,0.5,Four-of-a-Kind,4250,1588,1191,1141,1091,1041,991,744,694,521
AveragePlayer,5000,0.5,0.5,Four-of-a-Kind,4250,3573,3523,3473,3423,2568,2518,2468,1851,1801
AveragePlayer,5000,0.5,0.5,Four-of-a-Kind,4950,2576,1932,1882,1412,1362,1312,1262,928,878
AveragePlayer,5000,0.5,0.5,Straight flush,1190,893,670,620,465,349,262,212,162,112
AveragePlayer,5000,0.5,0.5,Straight flush,4179,2831,2124,2074,1672,1254,903,853,640,480
AveragePlayer,5000,0.5,0.5,Straight flush,2500,1875,1825,1775,1725,1257,1207,1017,967,726
AveragePlayer,5000,0.5,0.9,High card,435,0,0,0,0,0,0,0,0,0
AveragePlayer,5000,0.5,0.9,High card,11113,0,0,0,0,0,0,0,0,0
AveragePlayer,5000,0.5,0.9,High card,500,0,0,0,0,0,0,0,0,0
AveragePlayer,5000,0.5,0.9,One pair,446,0,0,0,0,0,0,0,0,0
AveragePlayer,5000,0.5,0.9,One pair,500,0,0,0,0,0,0,0,0,0
AveragePlayer,5000,0.5,0.9,One pair,460,0,0,0,0,0,0,0,0,0
AveragePlayer,5000,0.5,0.9,Two pair,460,0,0,0,0,0,0,0,0,0
AveragePlayer,5000,0.5,0.9,Two pair,500,0,0,0,0,0,0,0,0,0
AveragePlayer,5000,0.5,0.9,Two pair,474,0,0,0,0,0,0,0,0,0
AveragePlayer,5000,0.5,0.9,Three-of-a-Kind,0,0,0,0,0,0,0,0,0,0
AveragePlayer,5000,0.5,0.9,Three-of-a-Kind,475,0,0,0,0,0,0,0,0,0
AveragePlayer,5000,0.5,0.9,Three-of-a-Kind,0,0,0,0,0,0,0,0,0,0
AveragePlayer,5000,0.5,0.9,Straight,0,0,0,0,0,0,0,0,0,0
AveragePlayer,5000,0.5,0.9,Straight,0,0,0,0,0,0,0,0,0,0
AveragePlayer,5000,0.5,0.9,Straight,0,0,0,0,0,0,0,0,0,0
AveragePlayer,5000,0.5,0.9,Flush,4950,440,0,0,0,0,0,0,0,0
AveragePlayer,5000,0.5,0.9,Flush,2723,0,0,0,0,0,0,0,0,0
AveragePlayer,5000,0.5,0.9,Flush,0,0,0,0,0,0,0,0,0,0
AveragePlayer,5000,0.5,0.9,Full house,0,0,0,0,0,0,0,0,0,0
AveragePlayer,5000,0.5,0.9,Full house,500,275,152,84,34,34,0,0,0,0
AveragePlayer,5000,0.5,0.9,Full house,3500,965,0,0,0,0,0,0,0,0
AveragePlayer,5000,0.5,0.9,Four-of-a-Kind,4950,2695,271,136,86,36,36,36,36,0
AveragePlayer,5000,0.5,0.9,Four-of-a-Kind,2730,1452,774,426,235,130,80,10,0,0
AveragePlayer,5000,0.5,0.9,Four-of-a-Kind,4950,3688,1981,1931,1881,1035,985,542,299,165
AveragePlayer,5000,0.5,0.9,Straight flush,2750,2700,1485,1435,762,712,662,365,315,174
AveragePlayer,5000,0.5,0.9,Straight flush,4950,3544,1950,1045,575,525,289,159,109,59
AveragePlayer,5000,0.5,0.9,Straight flush,446,246,196,146,96,46,46,46,21,0
AveragePlayer,5000,0.9,0.1,High card,10237,22714,27341,27416,27491,27566,27591,27666,34726,34801
AveragePlayer,5000,0.9,0.1,High card,14025,33735,33810,33885,33960,33985,34060,34135,34210,34235
AveragePlayer,5000,0.9,0.1,High card,1820,1416,1346,1279,1216,1166,1108,1029,978,250
AveragePlayer,5000,0.9,0.1,One pair,15500,28085,28110,28185,28260,28335,28410,28435,28510,28585
AveragePlayer,5000,0.9,0.1,One pair,15450,27860,27935,28010,28085,28160,28235,28310,28335,28410
AveragePlayer,5000,0.9,0.1,One pair,15075,24220,24295,24370,24395,24470,24495,30930,31005,31080
AveragePlayer,5000,0.9,0.1,Two pair,1940,1843,1475,1425,1354,1287,1237,1176,1094,1040
AveragePlayer,5000,0.9,0.1,Two pair,2975,1130,1074,1021,971,901,831,761,676,606
AveragePlayer,5000,0.9,0.1,Two pair,16320,26187,26262,34190,34265,34340,34390,34440,34465,34540
AveragePlayer,5000,0.9,0.1,Three-of-a-Kind,16100,25945,26020,26095,26170,26245,26320,26345,26420,23688
AveragePlayer,5000,0.9,0.1,Three-of-a-Kind,1940,1532,1226,1165,1083,639,560,364,314,144
AveragePlayer,5000,0.9,0.1,Three-of-a-Kind,14007,30863,32481,32556,32631,32706,32781,32856,32931,33006
AveragePlayer,5000,0.9,0.1,Straight,2000,9700,1633,1307,1242,1192,1133,1077,1024,820
AveragePlayer,5000,0.9,0.1,Straight,18050,25320,25395,25470,25545,25620,28232,28282,28357,28432
AveragePlayer,5000,0.9,0.1,Straight,18075,21755,34051,34126,34201,34251,34326,34401,34451,34526
AveragePlayer,5000,0.9,0.1,Flush,12835,10912,18542,26058,26133,26158,26233,26308,33008,33083
AveragePlayer,5000,0.9,0.1,Flush,1880,1504,1204,1144,1087,847,643,469,399,309
AveragePlayer,5000,0.9,0.1,Flush,1940,1552,1242,1157,1100,1045,993,896,828,778
AveragePlayer,5000,0.9,0.1,Full house,2630,528,478,408,338,313,263,213,163,113
AveragePlayer,5000,0.9,0.1,Full house,2750,618,548,498,428,358,162,112,62,12
AveragePlayer,5000,0.9,0.1,Full house,14150,19881,19956,20031,20106,20181,18163,19645,23403,28071
AveragePlayer,5000,0.9,0.1,Four-of-a-Kind,2750,2613,2483,2359,2309,2170,2062,1936,1886,1745
AveragePlayer,5000,0.9,0.1,Four-of-a-Kind,4230,1757,1622,1494,1444,1394,1344,1294,1230,1180
AveragePlayer,5000,0.9,0.1,Four-of-a-Kind,14825,24272,32888,32938,34145,34220,34295,34370,34420,34495
AveragePlayer,5000,0.9,0.1,Straight flush,2690,2556,2429,2187,2078,1927,1525,1204,939,693
AveragePlayer,5000,0.9,0.1,Straight flush,2624,2493,2369,2064,1961,1149,805,755,705,655
AveragePlayer,5000,0.9,0.1,Straight flush,2750,2613,2563,1026,976,926,876,826,776,726
AveragePlayer,5000,0.9,0.5,High card,0,0,0,0,0,0,0,0,0,0
AveragePlayer,5000,0.9,0.5,High card,0,0,0,0,0,0,0,0,0,0
AveragePlayer,5000,0.9,0.5,High card,0,0,0,0,0,0,0,0,0,0
AveragePlayer,5000,0.9,0.5,One pair,2500,0,0,0,0,0,0,0,0,0
AveragePlayer,5000,0.9,0.5,One pair,0,0,0,0,0,0,0,0,0,0
AveragePlayer,5000,0.9,0.5,One pair,0,0,0,0,0,0,0,0,0,0
AveragePlayer,5000,0.9,0.5,Two pair,0,0,0,0,0,0,0,0,0,0
AveragePlayer,5000,0.9,0.5,Two pair,0,0,0,0,0,0,0,0,0,0
AveragePlayer,5000,0.9,0.5,Two pair,0,0,0,0,0,0,0,0,0,0
AveragePlayer,5000,0.9,0.5,Three-of-a-Kind,0,0,0,0,0,0,0,0,0,0
AveragePlayer,5000,0.9,0.5,Three-of-a-Kind,0,0,0,0,0,0,0,0,0,0
AveragePlayer,5000,0.9,0.5,Three-of-a-Kind,2464,0,0,0,0,0,0,0,0,0
AveragePlayer,5000,0.9,0.5,Straight,0,0,0,0,0,0,0,0,0,0
AveragePlayer,5000,0.9,0.5,Straight,22550,0,0,0,0,0,0,0,0,0
AveragePlayer,5000,0.9,0.5,Straight,0,0,0,0,0,0,0,0,0,0
AveragePlayer,5000,0.9,0.5,Flush,0,0,0,0,0,0,0,0,0,0
AveragePlayer,5000,0.9,0.5,Flush,1136,0,0,0,0,0,0,0,0,0
AveragePlayer,5000,0.9,0.5,Flush,0,0,0,0,0,0,0,0,0,0
AveragePlayer,5000,0.9,0.5,Full house,0,0,0,0,0,0,0,0,0,0
AveragePlayer,5000,0.9,0.5,Full house,0,0,0,0,0,0,0,0,0,0
AveragePlayer,5000,0.9,0.5,Full house,17575,0,0,0,0,0,0,0,0,0
AveragePlayer,5000,0.9,0.5,Four-of-a-Kind,16685,16710,16785,16860,20871,20896,20971,21046,0,0
AveragePlayer,5000,0.9,0.5,Four-of-a-Kind,1079,810,608,456,342,292,242,192,122,72
AveragePlayer,5000,0.9,0.5,Four-of-a-Kind,1079,772,542,388,273,223,173,123,73,48
AveragePlayer,5000,0.9,0.5,Straight flush,4188,2575,1913,1435,1077,735,404,303,120,70
AveragePlayer,5000,0.9,0.5,Straight flush,16325,20506,20581,20656,20731,20806,20881,24766,24841,24916
AveragePlayer,5000,0.9,0.5,Straight flush,1250,938,666,500,375,282,232,182,132,82
AveragePlayer,5000,0.9,0.9,High card,0,0,0,0,0,0,0,0,0,0
AveragePlayer,5000,0.9,0.9,High card,0,0,0,0,0,0,0,0,0,0
AveragePlayer,5000,0.9,0.9,High card,446,0,0,0,0,0,0,0,0,0
AveragePlayer,5000,0.9,0.9,One pair,0,0,0,0,0,0,0,0,0,0
AveragePlayer,5000,0.9,0.9,One pair,0,0,0,0,0,0,0,0,0,0
AveragePlayer,5000,0.9,0.9,One pair,0,0,0,0,0,0,0,0,0,0
AveragePlayer,5000,0.9,0.9,Two pair,0,0,0,0,0,0,0,0,0,0
AveragePlayer,5000,0.9,0.9,Two pair,0,0,0,0,0,0,0,0,0,0
AveragePlayer,5000,0.9,0.9,Two pair,500,0,0,0,0,0,0,0,0,0
AveragePlayer,5000,0.9,0.9,Three-of-a-Kind,0,0,0,0,0,0,0,0,0,0
AveragePlayer,5000,0.9,0.9,Three-of-a-Kind,0,0,0,0,0,0,0,0,0,0
AveragePlayer,5000,0.9,0.9,Three-of-a-Kind,0,0,0,0,0,0,0,0,0,0
AveragePlayer,5000,0.9,0.9,Straight,0,0,0,0,0,0,0,0,0,0
AveragePlayer,5000,0.9,0.9,Straight,0,0,0,0,0,0,0,0,0,0
AveragePlayer,5000,0.9,0.9,Straight,0,0,0,0,0,0,0,0,0,0
AveragePlayer,5000,0.9,0.9,Flush,0,0,0,0,0,0,0,0,0,0
AveragePlayer,5000,0.9,0.9,Flush,0,0,0,0,0,0,0,0,0,0
AveragePlayer,5000,0.9,0.9,Flush,500,262,0,0,0,0,0,0,0,0
AveragePlayer,5000,0.9,0.9,Full house,500,0,0,0,0,0,0,0,0,0
AveragePlayer,5000,0.9,0.9,Full house,500,262,145,80,10,10,10,10,0,0
AveragePlayer,5000,0.9,0.9,Full house,0,0,0,0,0,0,0,0,0,0
AveragePlayer,5000,0.9,0.9,Four-of-a-Kind,2750,1513,833,459,253,126,70,20,0,0
AveragePlayer,5000,0.9,0.9,Four-of-a-Kind,500,275,152,102,52,2,2,0,0,0
AveragePlayer,5000,0.9,0.9,Four-of-a-Kind,500,262,145,95,45,45,45,45,45,45
AveragePlayer,5000,0.9,0.9,Straight flush,450,400,220,108,58,8,8,0,0,0
AveragePlayer,5000,0.9,0.9,Straight flush,500,275,225,124,74,74,24,24,24,24
AveragePlayer,5000,0.9,0.9,Straight flush,460,253,140,90,40,40,40,40,40,40
AveragePlayer,7500,0.1,0.1,High card,4125,3919,3724,3538,3338,3172,3014,2864,2721,2585
AveragePlayer,7500,0.1,0.1,High card,19295,16343,26340,18873,17930,32404,45489,47888,50354,50404
AveragePlayer,7500,0.1,0.1,High card,27360,23256,33764,40666,45351,50010,55150,55200,55275,55300
AveragePlayer,7500,0.1,0.1,One pair,3939,296,246,196,146,96,46,46,21,21
AveragePlayer,7500,0.1,0.1,One pair,22150,31273,26524,27887,11546,1431,1381,1331,1265,1215
AveragePlayer,7500,0.1,0.1,One pair,17914,15229,9278,3185,3026,2851,2281,2167,2059,1957
AveragePlayer,7500,0.1,0.1,Two pair,2950,2803,1203,1153,1103,1053,1003,953,903,853
AveragePlayer,7500,0.1,0.1,Two pair,2980,2808,2668,2511,2386,2267,2052,1902,1807,1446
AveragePlayer,7500,0.1,0.1,Two pair,22410,20145,30197,41492,37319,28444,34182,18270,8462,1719
AveragePlayer,7500,0.1,0.1,Three-of-a-Kind,6000,4166,1463,1413,1363,1313,1263,1213,1163,1113
AveragePlayer,7500,0.1,0.1,Three-of-a-Kind,5250,4165,1258,1196,1146,472,422,372,322,272
AveragePlayer,7500,0.1,0.1,Three-of-a-Kind,21579,20428,19407,17467,14518,8662,2526,2400,1920,1801
AveragePlayer,7500,0.1,0.1,Straight,6330,2627,2496,2372,2254,2142,2012,1912,1817,1727
AveragePlayer,7500,0.1,0.1,Straight,5980,3284,3073,2920,2774,2636,2461,2338,2198,2148
AveragePlayer,7500,0.1,0.1,Straight,5166,2097,1678,1595,1468,1418,1368,1133,1083,1033
AveragePlayer,7500,0.1,0.1,Flush,3000,1200,1150,1100,1050,1000,950,900,850,800
AveragePlayer,7500,0.1,0.1,Flush,7125,1887,1793,1743,1395,1345,1245,1195,1145,1095
AveragePlayer,7500,0.1,0.1,Flush,5975,5925,5875,5372,5322,5056,4804,3824,3633,3452
AveragePlayer,7500,0.1,0.1,Full house,5160,5110,5060,5010,4760,4522,4296,4246,2265,2152
AveragePlayer,7500,0.1,0.1,Full house,6375,6325,6275,6225,5914,5864,4692,4642,4387,4337
AveragePlayer,7500,0.1,0.1,Full house,5210,5160,5110,4855,4805,4565,4515,4290,4076,4026
AveragePlayer,7500,0.1,0.1,Four-of-a-Kind,7450,7078,7028,6978,6928,6878,6828,6778,6728,6678
AveragePlayer,7500,0.1,0.1,Four-of-a-Kind,6355,6305,6255,6205,5895,5601,5551,5501,5451,5401
AveragePlayer,7500,0.1,0.1,Four-of-a-Kind,7450,7400,7350,5880,5830,5780,5730,5680,5630,5580
AveragePlayer,7500,0.1,0.1,Straight flush,7450,7400,7350,6983,747,697,647,597,547,497
AveragePlayer,7500,0.1,0.1,Straight flush,7450,7400,7350,7300,811,761,711,661,611,561
AveragePlayer,7500,0.1,0.1,Straight flush,7450,7078,6725,685,635,585,535,485,435,385
AveragePlayer,7500,0.1,0.5,High card,7500,1821,55,5,5,5,5,0,0,0
AveragePlayer,7500,0.1,0.5,High card,1755,1298,795,597,448,318,239,189,139,69
AveragePlayer,7500,0.1,0.5,High card,31925,32000,32075,32150,32225,32275,32350,32425,32500,32525
AveragePlayer,7500,0.1,0.5,One pair,0,0,0,0,0,0,0,0,0,0
AveragePlayer,7500,0.1,0.5,One pair,1755,1279,960,720,0,0,0,0,0,0
AveragePlayer,7500,0.1,0.5,One pair,26300,26350,26425,26500,26575,26650,26700,26775,0,0
AveragePlayer,7500,0.1,0.5,Two pair,5625,2763,1333,1000,0,0,0,0,0,0
AveragePlayer,7500,0.1,0.5,Two pair,17077,34203,34228,34278,34328,34403,34478,34528,34603,34678
AveragePlayer,7500,0.1,0.5,Two pair,18990,9433,0,0,0,0,0,0,0,0
AveragePlayer,7500,0.1,0.5,Three-of-a-Kind,5625,2520,0,0,0,0,0,0,0,0
AveragePlayer,7500,0.1,0.5,Three-of-a-Kind,26350,26425,26500,26575,26650,26725,26800,26875,26925,26950
AveragePlayer,7500,0.1,0.5,Three-of-a-Kind,3725,0,0,0,0,0,0,0,0,0
AveragePlayer,7500,0.1,0.5,Straight,5600,1872,1404,1053,790,0,0,0,0,0
AveragePlayer,7500,0.1,0.5,Straight,5568,2404,1803,1353,1015,0,0,0,0,0
AveragePlayer,7500,0.1,0.5,Straight,3710,2763,2073,1555,1167,876,657,493,370,278
AveragePlayer,7500,0.1,0.5,Flush,7450,7400,5550,5500,4125,1068,801,601,414,311
AveragePlayer,7500,0.1,0.5,Flush,3750,2813,2110,1564,1514,1116,0,0,0,0
AveragePlayer,7500,0.1,0.5,Flush,0,0,0,0,0,0,0,0,0,0
AveragePlayer,7500,0.1,0.5,Full house,5625,4199,1366,1316,987,937,703,508,381,331
AveragePlayer,7500,0.1,0.5,Full house,7450,6476,4857,4807,3606,1206,1156,0,0,0
AveragePlayer,7500,0.1,0.5,Full house,3710,2783,2733,2683,0,0,0,0,0,0
AveragePlayer,7500,0.1,0.5,Four-of-a-Kind,7450,7400,7350,3984,3934,2951,2901,2851,2801,2751
AveragePlayer,7500,0.1,0.5,Four-of-a-Kind,7450,7400,7350,5513,5463,5413,5363,5313,5263,5213
AveragePlayer,7500,0.1,0.5,Four-of-a-Kind,7450,3473,3114,3064,2298,1724,1614,1544,1233,1183
AveragePlayer,7500,0.1,0.5,Straight flush,7450,7400,7350,1618,1568,1518,1468,1418,1368,1318
AveragePlayer,7500,0.1,0.5,Straight flush,7450,4016,3966,3916,3866,3816,2862,2128,2078,2028
AveragePlayer,7500,0.1,0.5,Straight flush,7450,6412,6362,4345,4295,4245,4195,4145,4095,4045
AveragePlayer,7500,0.1,0.9,High card,750,413,200,110,60,10,10,10,10,10
AveragePlayer,7500,0.1,0.9,High card,710,391,216,0,0,0,0,0,0,0
AveragePlayer,7500,0.1,0.9,High card,750,413,228,98,48,48,48,23,23,23
AveragePlayer,7500,0.1,0.9,One pair,750,385,212,162,112,42,42,0,0,0
AveragePlayer,7500,0.1,0.9,One pair,750,0,0,0,0,0,0,0,0,0
AveragePlayer,7500,0.1,0.9,One pair,750,385,212,117,67,17,17,17,17,0
AveragePlayer,7500,0.1,0.9,Two pair,724,399,192,106,56,6,6,6,6,0
AveragePlayer,7500,0.1,0.9,Two pair,750,399,220,121,71,21,21,21,21,0
AveragePlayer,7500,0.1,0.9,Two pair,724,399,220,0,0,0,0,0,0,0
AveragePlayer,7500,0.1,0.9,Three-of-a-Kind,724,0,0,0,0,0,0,0,0,0
AveragePlayer,7500,0.1,0.9,Three-of-a-Kind,0,0,0,0,0,0,0,0,0,0
AveragePlayer,7500,0.1,0.9,Three-of-a-Kind,750,413,200,150,100,50,0,0,0,0
AveragePlayer,7500,0.1,0.9,Straight,4100,0,0,0,0,0,0,0,0,0
AveragePlayer,7500,0.1,0.9,Straight,4100,2255,0,0,0,0,0,0,0,0
AveragePlayer,7500,0.1,0.9,Straight,710,391,0,0,0,0,0,0,0,0
AveragePlayer,7500,0.1,0.9,Flush,6355,3496,1896,1846,1016,559,509,459,253,112
AveragePlayer,7500,0.1,0.9,Flush,750,413,214,118,68,18,0,0,0,0
AveragePlayer,7500,0.1,0.9,Flush,7450,4070,2239,1232,678,628,346,191,141,91
AveragePlayer,7500,0.1,0.9,Full house,4080,2231,2181,1200,660,610,336,0,0,0
AveragePlayer,7500,0.1,0.9,Full house,696,383,211,161,111,61,61,36,36,36
AveragePlayer,7500,0.1,0.9,Full house,4125,2269,1248,687,637,351,301,166,0,0
AveragePlayer,7500,0.1,0.9,Four-of-a-Kind,7450,2914,2864,2814,2764,2714,2664,2614,2564,2514
AveragePlayer,7500,0.1,0.9,Four-of-a-Kind,7450,4073,4023,349,299,249,199,149,99,49
AveragePlayer,7500,0.1,0.9,Four-of-a-Kind,7450,7400,5882,5832,5782,5732,5682,5632,5582,3071
AveragePlayer,7500,0.1,0.9,Straight flush,7450,7400,7020,5728,5678,5526,5476,5426,5376,4743
AveragePlayer,7500,0.1,0.9,Straight flush,7450,7400,7350,7300,7250,4396,2311,1272,700,650
AveragePlayer,7500,0.1,0.9,Straight flush,7450,7400,7350,7300,1137,1087,1037,987,937,887
AveragePlayer,7500,0.5,0.1,High card,2940,2793,2235,2124,1700,1360,1310,694,612,562
AveragePlayer,7500,0.5,0.1,High card,14365,46093,48492,50990,53614,53689,53764,53839,53914,53939
AveragePlayer,7500,0.5,0.1,High card,4065,3862,3090,2472,1651,1545,1236,140,90,40
AveragePlayer,7500,0.5,0.1,One pair,5225,3085,909,839,774,724,654,604,554,484
AveragePlayer,7500,0.5,0.1,One pair,19420,27849,27874,27949,25155,30301,18156,14525,26295,39097
AveragePlayer,7500,0.5,0.1,One pair,4125,995,945,895,680,476,261,141,91,41
AveragePlayer,7500,0.5,0.1,Two pair,21100,50715,50765,50815,50890,50940,51015,51090,51165,51240
AveragePlayer,7500,0.5,0.1,Two pair,4500,3600,2880,2304,1844,1752,1402,1332,1266,1216
AveragePlayer,7500,0.5,0.1,Two pair,2975,2525,1980,1881,1787,1698,1359,1292,1242,1180
AveragePlayer,7500,0.5,0.1,Three-of-a-Kind,4450,2670,2096,1677,1594,1276,1213,1163,1113,1058
AveragePlayer,7500,0.5,0.1,Three-of-a-Kind,3000,2400,1920,1536,1229,1121,1042,992,919,849
AveragePlayer,7500,0.5,0.1,Three-of-a-Kind,4475,1722,1636,1531,1225,1164,1114,1059,828,763
AveragePlayer,7500,0.5,0.1,Straight,3000,2400,2257,1806,1692,1314,1201,1151,1101,1051
AveragePlayer,7500,0.5,0.1,Straight,6333,2535,1988,1889,607,553,483,413,343,293
AveragePlayer,7500,0.5,0.1,Straight,5955,2322,1858,1742,202,152,102,52,27,27
AveragePlayer,7500,0.5,0.1,Flush,2940,2793,2654,2604,2554,2427,943,873,823,147
AveragePlayer,7500,0.5,0.1,Flush,6375,2550,2040,1612,1290,1240,211,211,161,111
AveragePlayer,7500,0.5,0.1,Flush,5200,214,164,114,64,64,39,39,14,14
AveragePlayer,7500,0.5,0.1,Full house,7125,5655,5605,5091,1763,1411,1361,1311,1261,1211
AveragePlayer,7500,0.5,0.1,Full house,7450,1466,1393,1343,1293,1243,1193,1143,1093,1043
AveragePlayer,7500,0.5,0.1,Full house,21150,19995,36719,34364,41356,37300,29770,25978,15538,15488
AveragePlayer,7500,0.5,0.1,Four-of-a-Kind,5250,2110,812,724,674,624,574,524,454,404
AveragePlayer,7500,0.5,0.1,Four-of-a-Kind,6308,6258,6208,5898,5604,5554,1470,1420,1370,1320
AveragePlayer,7500,0.5,0.1,Four-of-a-Kind,7125,6769,309,259,259,259,209,209,159,109
AveragePlayer,7500,0.5,0.1,Straight flush,7450,6669,6619,584,534,484,434,384,334,284
AveragePlayer,7500,0.5,0.1,Straight flush,7450,2257,727,677,627,577,527,477,427,377
AveragePlayer,7500,0.5,0.1,Straight flush,3000,1140,1090,1040,990,940,890,840,790,740
AveragePlayer,7500,0.5,0.5,High card,0,0,0,0,0,0,0,0,0,0
AveragePlayer,7500,0.5,0.5,High card,1815,0,0,0,0,0,0,0,0,0
AveragePlayer,7500,0.5,0.5,High card,23056,0,0,0,0,0,0,0,0,0
AveragePlayer,7500,0.5,0.5,One pair,1701,0,0,0,0,0,0,0,0,0
AveragePlayer,7500,0.5,0.5,One pair,3624,906,680,492,369,277,227,152,102,52
AveragePlayer,7500,0.5,0.5,One pair,22575,22650,0,0,0,0,0,0,0,0
AveragePlayer,7500,0.5,0.5,Two pair,3750,0,0,0,0,0,0,0,0,0
AveragePlayer,7500,0.5,0.5,Two pair,0,0,0,0,0,0,0,0,0,0
AveragePlayer,7500,0.5,0.5,Two pair,30100,30175,30250,0,0,0,0,0,0,0
AveragePlayer,7500,0.5,0.5,Three-of-a-Kind,0,0,0,0,0,0,0,0,0,0
AveragePlayer,7500,0.5,0.5,Three-of-a-Kind,3725,932,699,0,0,0,0,0,0,0
AveragePlayer,7500,0.5,0.5,Three-of-a-Kind,0,0,0,0,0,0,0,0,0,0
AveragePlayer,7500,0.5,0.5,Straight,1875,1407,1056,792,594,446,0,0,0,0
AveragePlayer,7500,0.5,0.5,Straight,3676,0,0,0,0,0,0,0,0,0
AveragePlayer,7500,0.5,0.5,Straight,0,0,0,0,0,0,0,0,0,0
AveragePlayer,7500,0.5,0.5,Flush,0,0,0,0,0,0,0,0,0,0
AveragePlayer,7500,0.5,0.5,Flush,1815,1765,1715,1287,1237,1187,891,669,0,0
AveragePlayer,7500,0.5,0.5,Flush,1875,1388,0,0,0,0,0,0,0,0
AveragePlayer,7500,0.5,0.5,Full house,5625,4219,0,0,0,0,0,0,0,0
AveragePlayer,7500,0.5,0.5,Full house,0,0,0,0,0,0,0,0,0,0
AveragePlayer,7500,0.5,0.5,Full house,5605,0,0,0,0,0,0,0,0,0
AveragePlayer,7500,0.5,0.5,Four-of-a-Kind,5575,5525,5475,4107,4057,4007,3957,3907,2931,2199
AveragePlayer,7500,0.5,0.5,Four-of-a-Kind,2990,2243,2193,1645,1234,1184,1134,668,618,464
AveragePlayer,7500,0.5,0.5,Four-of-a-Kind,7450,5538,3948,2961,2911,2861,2811,1753,1278,1228
AveragePlayer,7500,0.5,0.5,Straight flush,1875,65,15,15,15,15,15,0,0,0
AveragePlayer,7500,0.5,0.5,Straight flush,7450,3688,3638,2729,2028,1978,1465,1079,765,498
AveragePlayer,7500,0.5,0.5,Straight flush,7450,5550,4163,4113,4063,3048,2998,2948,2898,2848
AveragePlayer,7500,0.5,0.9,High card,0,0,0,0,0,0,0,0,0,0
AveragePlayer,7500,0.5,0.9,High card,710,0,0,0,0,0,0,0,0,0
AveragePlayer,7500,0.5,0.9,High card,0,0,0,0,0,0,0,0,0,0
AveragePlayer,7500,0.5,0.9,One pair,750,0,0,0,0,0,0,0,0,0
AveragePlayer,7500,0.5,0.9,One pair,0,0,0,0,0,0,0,0,0,0
AveragePlayer,7500,0.5,0.9,One pair,0,0,0,0,0,0,0,0,0,0
AveragePlayer,7500,0.5,0.9,Two pair,750,399,220,0,0,0,0,0,0,0
AveragePlayer,7500,0.5,0.9,Two pair,750,0,0,0,0,0,0,0,0,0
AveragePlayer,7500,0.5,0.9,Two pair,0,0,0,0,0,0,0,0,0,0
AveragePlayer,7500,0.5,0.9,Three-of-a-Kind,750,0,0,0,0,0,0,0,0,0
AveragePlayer,7500,0.5,0.9,Three-of-a-Kind,0,0,0,0,0,0,0,0,0,0
AveragePlayer,7500,0.5,0.9,Three-of-a-Kind,750,399,220,121,71,21,21,21,21,21
AveragePlayer,7500,0.5,0.9,Straight,4125,0,0,0,0,0,0,0,0,0
AveragePlayer,7500,0.5,0.9,Straight,0,0,0,0,0,0,0,0,0,0
AveragePlayer,7500,0.5,0.9,Straight,0,0,0,0,0,0,0,0,0,0
AveragePlayer,7500,0.5,0.9,Flush,696,383,211,0,0,0,0,0,0,0
AveragePlayer,7500,0.5,0.9,Flush,0,0,0,0,0,0,0,0,0,0
AveragePlayer,7500,0.5,0.9,Flush,696,356,196,108,58,8,8,8,8,8
AveragePlayer,7500,0.5,0.9,Full house,0,0,0,0,0,0,0,0,0,0
AveragePlayer,7500,0.5,0.9,Full house,6355,637,351,301,166,116,66,66,41,0
AveragePlayer,7500,0.5,0.9,Full house,6333,555,306,0,0,0,0,0,0,0
AveragePlayer,7500,0.5,0.9,Four-of-a-Kind,4125,4075,4025,3975,3925,2132,2082,1146,631,348
AveragePlayer,7500,0.5,0.9,Four-of-a-Kind,4100,4050,4000,2200,1183,1133,624,574,524,289
AveragePlayer,7500,0.5,0.9,Four-of-a-Kind,7450,2118,2068,2018,1083,569,519,469,419,203
AveragePlayer,7500,0.5,0.9,Straight flush,4125,4075,4025,3975,3925,3875,3825,2104,1158,1108
AveragePlayer,7500,0.5,0.9,Straight flush,7450,7400,4070,2239,2189,1177,648,357,307,257
AveragePlayer,7500,0.5,0.9,Straight flush,750,413,363,186,136,86,36,36,36,36
AveragePlayer,7500,0.9,0.1,High card,2940,2312,617,567,497,447,377,307,257,207
AveragePlayer,7500,0.9,0.1,High card,3000,2380,1884,1508,1207,1123,1067,1014,916,846
AveragePlayer,7500,0.9,0.1,High card,21125,50775,50850,50925,50975,51000,51025,51100,51150,51225
AveragePlayer,7500,0.9,0.1,One pair,24150,38765,38840,38915,38940,39015,39090,52893,52918,52993
AveragePlayer,7500,0.9,0.1,One pair,3999,3200,2540,1992,1594,1276,1213,1153,1096,1018
AveragePlayer,7500,0.9,0.1,One pair,16550,39795,39870,39895,39970,40045,40095,40170,40245,40320
AveragePlayer,7500,0.9,0.1,Two pair,21075,50655,50730,50805,50880,50955,51030,51105,51180,51255
AveragePlayer,7500,0.9,0.1,Two pair,2950,2360,1848,1732,1386,1270,1207,1147,1043,991
AveragePlayer,7500,0.9,0.1,Two pair,3000,2850,2280,1824,1460,1410,1340,1250,1164,1106
AveragePlayer,7500,0.9,0.1,Three-of-a-Kind,2940,2352,1882,1506,1205,820,750,680,610,540
AveragePlayer,7500,0.9,0.1,Three-of-a-Kind,2820,2256,1765,1392,1323,1257,1207,1147,1090,1036
AveragePlayer,7500,0.9,0.1,Three-of-a-Kind,5980,2079,1644,1276,1165,1083,1006,298,248,198
AveragePlayer,7500,0.9,0.1,Straight,3000,2400,1920,1536,1209,1149,1092,1038,987,914
AveragePlayer,7500,0.9,0.1,Straight,4410,2566,2033,1627,1282,1218,1158,1101,1046,994
AveragePlayer,7500,0.9,0.1,Straight,3000,2400,1920,1516,1213,1105,1003,933,863,793
AveragePlayer,7500,0.9,0.1,Flush,4065,1940,180,130,80,30,30,30,0,0
AveragePlayer,7500,0.9,0.1,Flush,4460,3568,2855,2284,1808,1447,1397,1328,1215,1155
AveragePlayer,7500,0.9,0.1,Flush,2880,2304,1844,1476,1379,912,862,812,762,692
AveragePlayer,7500,0.9,0.1,Full house,4460,892,842,772,702,652,602,552,502,452
AveragePlayer,7500,0.9,0.1,Full house,23325,51390,51465,54850,54925,54950,55000,55025,55100,55175
AveragePlayer,7500,0.9,0.1,Full house,3000,2803,2640,2092,1674,1340,1273,1223,1115,1065
AveragePlayer,7500,0.9,0.1,Four-of-a-Kind,21529,34756,50730,53341,53391,53441,57489,57549,57624,57659
AveragePlayer,7500,0.9,0.1,Four-of-a-Kind,3000,1150,1100,1050,1000,950,900,850,800,750
AveragePlayer,7500,0.9,0.1,Four-of-a-Kind,17930,17034,15284,31449,29436,23587,35149,31610,29007,25268
AveragePlayer,7500,0.9,0.1,Straight flush,6285,1475,1425,1375,1307,1257,1207,1157,1107,1057
AveragePlayer,7500,0.9,0.1,Straight flush,3000,2850,2708,2573,2445,2323,2160,2005,1905,1763
AveragePlayer,7500,0.9,0.1,Straight flush,5160,2178,2070,1943,1893,1799,1710,1625,1544,1467
AveragePlayer,7500,0.9,0.5,High card,0,0,0,0,0,0,0,0,0,0
AveragePlayer,7500,0.9,0.5,High card,0,0,0,0,0,0,0,0,0,0
AveragePlayer,7500,0.9,0.5,High card,0,0,0,0,0,0,0,0,0,0
AveragePlayer,7500,0.9,0.5,One pair,0,0,0,0,0,0,0,0,0,0
AveragePlayer,7500,0.9,0.5,One pair,0,0,0,0,0,0,0,0,0,0
AveragePlayer,7500,0.9,0.5,One pair,0,0,0,0,0,0,0,0,0,0
AveragePlayer,7500,0.9,0.5,Two pair,0,0,0,0,0,0,0,0,0,0
AveragePlayer,7500,0.9,0.5,Two pair,0,0,0,0,0,0,0,0,0,0
AveragePlayer,7500,0.9,0.5,Two pair,0,0,0,0,0,0,0,0,0,0
AveragePlayer,7500,0.9,0.5,Three-of-a-Kind,0,0,0,0,0,0,0,0,0,0
AveragePlayer,7500,0.9,0.5,Three-of-a-Kind,0,0,0,0,0,0,0,0,0,0
AveragePlayer,7500,0.9,0.5,Three-of-a-Kind,0,0,0,0,0,0,0,0,0,0
AveragePlayer,7500,0.9,0.5,Straight,0,0,0,0,0,0,0,0,0,0
AveragePlayer,7500,0.9,0.5,Straight,0,0,0,0,0,0,0,0,0,0
AveragePlayer,7500,0.9,0.5,Straight,1815,0,0,0,0,0,0,0,0,0
AveragePlayer,7500,0.9,0.5,Flush,3700,0,0,0,0,0,0,0,0,0
AveragePlayer,7500,0.9,0.5,Flush,0,0,0,0,0,0,0,0,0,0
AveragePlayer,7500,0.9,0.5,Flush,1704,0,0,0,0,0,0,0,0,0
AveragePlayer,7500,0.9,0.5,Full house,5625,4219,0,0,0,0,0,0,0,0
AveragePlayer,7500,0.9,0.5,Full house,20231,0,0,0,0,0,0,0,0,0
AveragePlayer,7500,0.9,0.5,Full house,0,0,0,0,0,0,0,0,0,0
AveragePlayer,7500,0.9,0.5,Four-of-a-Kind,26375,26425,26500,26550,26575,26600,26675,26750,26825,26900
AveragePlayer,7500,0.9,0.5,Four-of-a-Kind,1761,1321,954,716,519,390,293,243,193,143
AveragePlayer,7500,0.9,0.5,Four-of-a-Kind,1755,1298,955,905,679,510,383,288,238,188
AveragePlayer,7500,0.9,0.5,Straight flush,1821,1329,997,748,561,421,316,237,187,137
AveragePlayer,7500,0.9,0.5,Straight flush,1704,1241,931,699,525,357,268,218,168,118
AveragePlayer,7500,0.9,0.5,Straight flush,1755,1317,988,938,704,654,491,369,258,208
AveragePlayer,7500,0.9,0.9,High card,0,0,0,0,0,0,0,0,0,0
AveragePlayer,7500,0.9,0.9,High card,0,0,0,0,0,0,0,0,0,0
AveragePlayer,7500,0.9,0.9,High card,0,0,0,0,0,0,0,0,0,0
AveragePlayer,7500,0.9,0.9,One pair,0,0,0,0,0,0,0,0,0,0
AveragePlayer,7500,0.9,0.9,One pair,0,0,0,0,0,0,0,0,0,0
AveragePlayer,7500,0.9,0.9,One pair,0,0,0,0,0,0,0,0,0,0
AveragePlayer,7500,0.9,0.9,Two pair,0,0,0,0,0,0,0,0,0,0
AveragePlayer,7500,0.9,0.9,Two pair,0,0,0,0,0,0,0,0,0,0
AveragePlayer,7500,0.9,0.9,Two pair,0,0,0,0,0,0,0,0,0,0
AveragePlayer,7500,0.9,0.9,Three-of-a-Kind,0,0,0,0,0,0,0,0,0,0
AveragePlayer,7500,0.9,0.9,Three-of-a-Kind,0,0,0,0,0,0,0,0,0,0
AveragePlayer,7500,0.9,0.9,Three-of-a-Kind,0,0,0,0,0,0,0,0,0,0
AveragePlayer,7500,0.9,0.9,Straight,0,0,0,0,0,0,0,0,0,0
AveragePlayer,7500,0.9,0.9,Straight,0,0,0,0,0,0,0,0,0,0
AveragePlayer,7500,0.9,0.9,Straight,750,0,0,0,0,0,0,0,0,0
AveragePlayer,7500,0.9,0.9,Flush,710,363,0,0,0,0,0,0,0,0
AveragePlayer,7500,0.9,0.9,Flush,4098,410,0,0,0,0,0,0,0,0
AveragePlayer,7500,0.9,0.9,Flush,0,0,0,0,0,0,0,0,0,0
AveragePlayer,7500,0.9,0.9,Full house,696,0,0,0,0,0,0,0,0,0
AveragePlayer,7500,0.9,0.9,Full house,0,0,0,0,0,0,0,0,0,0
AveragePlayer,7500,0.9,0.9,Full house,750,385,0,0,0,0,0,0,0,0
AveragePlayer,7500,0.9,0.9,Four-of-a-Kind,750,413,228,126,76,26,0,0,0,0
AveragePlayer,7500,0.9,0.9,Four-of-a-Kind,5210,522,288,159,109,59,9,0,0,0
AveragePlayer,7500,0.9,0.9,Four-of-a-Kind,750,385,212,117,67,17,0,0,0,0
AveragePlayer,7500,0.9,0.9,Straight flush,750,413,363,200,110,60,10,10,10,10
AveragePlayer,7500,0.9,0.9,Straight flush,750,413,200,110,60,35,35,35,35,35
AveragePlayer,7500,0.9,0.9,Straight flush,4112,2262,1245,685,635,350,179,99,49,24
AveragePlayer,10000,0.1,0.1,High card,3980,1592,1513,1438,1388,1338,1288,1238,1188,1138
AveragePlayer,10000,0.1,0.1,High card,28315,44219,61999,71396,71471,71546,71621,71696,71771,71796
AveragePlayer,10000,0.1,0.1,High card,30100,47025,63750,63825,67091,67166,67241,67316,67391,67416
AveragePlayer,10000,0.1,0.1,One pair,6950,4475,582,532,482,432,382,312,262,212
AveragePlayer,10000,0.1,0.1,One pair,6975,3114,2959,2812,2672,2539,2389,2270,2133,2027
AveragePlayer,10000,0.1,0.1,One pair,25285,21493,37326,33450,59806,68876,68926,68999,69074,69124
AveragePlayer,10000,0.1,0.1,Two pair,30075,51217,69498,69548,69623,69648,69723,69798,69873,69948
AveragePlayer,10000,0.1,0.1,Two pair,3940,1506,1431,1381,1312,1262,1212,1162,1112,1062
AveragePlayer,10000,0.1,0.1,Two pair,5920,2368,2203,2093,1655,1464,677,627,577,276
AveragePlayer,10000,0.1,0.1,Three-of-a-Kind,6958,2686,2552,2425,2304,2189,2080,1976,1878,1737
AveragePlayer,10000,0.1,0.1,Three-of-a-Kind,8500,8075,1383,1333,1283,1233,1183,1133,1083,1033
AveragePlayer,10000,0.1,0.1,Three-of-a-Kind,8480,906,856,806,736,686,636,519,469,419
AveragePlayer,10000,0.1,0.1,Straight,6958,5665,2392,2273,2136,1001,951,724,521,348
AveragePlayer,10000,0.1,0.1,Straight,6935,2739,2603,2473,2326,2210,298,248,198,148
AveragePlayer,10000,0.1,0.1,Straight,6826,5565,1972,1874,1781,1692,1608,1247,1185,1135
AveragePlayer,10000,0.1,0.1,Flush,10770,9112,4164,3792,3034,2984,2835,2694,2644,2512
AveragePlayer,10000,0.1,0.1,Flush,8455,1307,1257,1207,1157,1107,1057,1007,957,907
AveragePlayer,10000,0.1,0.1,Flush,8408,8358,3214,3054,3004,2854,2804,2664,2531,2405
AveragePlayer,10000,0.1,0.1,Full house,8475,2772,2722,2539,2489,2365,2315,2265,2152,2045
AveragePlayer,10000,0.1,0.1,Full house,4000,3950,3900,3120,2964,2914,2769,2631,2581,2531
AveragePlayer,10000,0.1,0.1,Full house,3980,3930,3686,3129,2949,2802,2752,2615,2565,2515
AveragePlayer,10000,0.1,0.1,Four-of-a-Kind,9950,3028,2978,2928,2878,2828,2778,2640,2590,2540
AveragePlayer,10000,0.1,0.1,Four-of-a-Kind,9950,9900,9850,9800,9750,9700,9650,9600,9550,9500
AveragePlayer,10000,0.1,0.1,Four-of-a-Kind,9950,9900,9850,9800,9750,9700,9650,9600,9120,9070
AveragePlayer,10000,0.1,0.1,Straight flush,8500,8450,8400,8350,8300,8250,7790,7740,7690,7640
AveragePlayer,10000,0.1,0.1,Straight flush,9950,9453,9403,9353,9303,9253,9203,9153,8696,8646
AveragePlayer,10000,0.1,0.1,Straight flush,9950,9900,9405,9355,9305,9255,9205,9155,997,947
AveragePlayer,10000,0.1,0.5,High card,2380,1785,1302,977,714,536,0,0,0,0
AveragePlayer,10000,0.1,0.5,High card,40100,40175,0,0,0,0,0,0,0,0
AveragePlayer,10000,0.1,0.5,High card,2440,1830,1373,1030,773,580,435,308,258,208
AveragePlayer,10000,0.1,0.5,One pair,2329,1728,0,0,0,0,0,0,0,0
AveragePlayer,10000,0.1,0.5,One pair,2500,1875,1407,1056,792,0,0,0,0,0
AveragePlayer,10000,0.1,0.5,One pair,2500,0,0,0,0,0,0,0,0,0
AveragePlayer,10000,0.1,0.5,Two pair,2500,0,0,0,0,0,0,0,0,0
AveragePlayer,10000,0.1,0.5,Two pair,0,0,0,0,0,0,0,0,0,0
AveragePlayer,10000,0.1,0.5,Two pair,2440,1793,1345,0,0,0,0,0,0,0
AveragePlayer,10000,0.1,0.5,Three-of-a-Kind,0,0,0,0,0,0,0,0,0,0
AveragePlayer,10000,0.1,0.5,Three-of-a-Kind,2500,1875,1407,492,369,277,227,177,127,77
AveragePlayer,10000,0.1,0.5,Three-of-a-Kind,4960,3720,2790,2093,1570,1178,749,562,422,317
AveragePlayer,10000,0.1,0.5,Straight,7500,1875,1407,1056,0,0,0,0,0,0
AveragePlayer,10000,0.1,0.5,Straight,9950,5620,1943,1458,1094,802,602,452,321,271
AveragePlayer,10000,0.1,0.5,Straight,7500,5625,179,129,79,29,29,29,29,29
AveragePlayer,10000,0.1,0.5,Flush,7413,3590,3540,2655,0,0,0,0,0,0
AveragePlayer,10000,0.1,0.5,Flush,0,0,0,0,0,0,0,0,0,0
AveragePlayer,10000,0.1,0.5,Flush,7500,5588,4191,4141,4091,3069,2302,2252,2202,2152
AveragePlayer,10000,0.1,0.5,Full house,2500,2450,1800,1350,669,619,0,0,0,0
AveragePlayer,10000,0.1,0.5,Full house,7482,3742,2807,2106,2056,1542,1492,1442,1392,696
AveragePlayer,10000,0.1,0.5,Full house,7500,7450,7400,7350,5475,0,0,0,0,0
AveragePlayer,10000,0.1,0.5,Four-of-a-Kind,3950,3900,3850,3800,3750,3700,3650,3600,3550,3500
AveragePlayer,10000,0.1,0.5,Four-of-a-Kind,9950,9900,9850,9800,9750,1030,980,698,648,598
AveragePlayer,10000,0.1,0.5,Four-of-a-Kind,7000,6950,3380,3330,3280,3230,3180,3130,3080,2310
AveragePlayer,10000,0.1,0.5,Straight flush,9950,9900,1704,1654,1604,1554,1504,1454,1404,1354
AveragePlayer,10000,0.1,0.5,Straight flush,8480,8430,5044,4994,4944,4894,4844,4794,4744,4694
AveragePlayer,10000,0.1,0.5,Straight flush,8480,8430,8380,8330,8280,8230,8180,8130,8080,8030
AveragePlayer,10000,0.1,0.9,High card,1000,550,303,140,90,20,20,0,0,0
AveragePlayer,10000,0.1,0.9,High card,960,515,284,157,87,17,17,17,17,17
AveragePlayer,10000,0.1,0.9,High card,1000,550,303,0,0,0,0,0,0,0
AveragePlayer,10000,0.1,0.9,One pair,1000,523,288,159,109,59,9,9,0,0
AveragePlayer,10000,0.1,0.9,One pair,960,501,249,137,87,37,37,37,37,0
AveragePlayer,10000,0.1,0.9,One pair,960,501,262,0,0,0,0,0,0,0
AveragePlayer,10000,0.1,0.9,Two pair,0,0,0,0,0,0,0,0,0,0
AveragePlayer,10000,0.1,0.9,Two pair,1000,530,292,161,75,25,0,0,0,0
AveragePlayer,10000,0.1,0.9,Two pair,960,528,291,0,0,0,0,0,0,0
AveragePlayer,10000,0.1,0.9,Three-of-a-Kind,5475,3012,1657,898,494,272,150,83,33,33
AveragePlayer,10000,0.1,0.9,Three-of-a-Kind,5487,495,273,151,84,34,34,0,0,0
AveragePlayer,10000,0.1,0.9,Three-of-a-Kind,1000,550,303,0,0,0,0,0,0,0
AveragePlayer,10000,0.1,0.9,Straight,960,528,277,227,125,75,25,25,25,25
AveragePlayer,10000,0.1,0.9,Straight,5500,0,0,0,0,0,0,0,0,0
AveragePlayer,10000,0.1,0.9,Straight,5500,3025,0,0,0,0,0,0,0,0
AveragePlayer,10000,0.1,0.9,Flush,5473,3011,0,0,0,0,0,0,0,0
AveragePlayer,10000,0.1,0.9,Flush,1000,950,523,288,0,0,0,0,0,0
AveragePlayer,10000,0.1,0.9,Flush,9950,9900,9850,5404,2973,1636,900,850,468,258
AveragePlayer,10000,0.1,0.9,Full house,8458,846,438,241,133,83,33,8,8,8
AveragePlayer,10000,0.1,0.9,Full house,9950,5473,5423,2956,1626,895,493,443,393,217
AveragePlayer,10000,0.1,0.9,Full house,5475,5425,5375,483,433,383,0,0,0,0
AveragePlayer,10000,0.1,0.9,Four-of-a-Kind,9950,9900,990,940,890,840,790,740,690,640
AveragePlayer,10000,0.1,0.9,Four-of-a-Kind,9950,9900,5445,5395,5345,5295,5245,5195,5145,2552
AveragePlayer,10000,0.1,0.9,Four-of-a-Kind,9950,9900,9850,9800,9750,9700,9650,9600,9550,9500
AveragePlayer,10000,0.1,0.9,Straight flush,9950,9900,9850,9800,9750,8026,7976,7926,7876,7826
AveragePlayer,10000,0.1,0.9,Straight flush,9950,8632,8582,8532,1512,1462,1412,1362,1312,1262
AveragePlayer,10000,0.1,0.9,Straight flush,9950,9269,9219,9169,9119,9069,9019,8969,8919,8869
AveragePlayer,10000,0.5,0.1,High card,32125,53053,71692,71767,71842,71892,71967,72042,72117,72192
AveragePlayer,10000,0.5,0.1,High card,4000,3200,2560,2048,1946,1849,1480,1430,1380,1311
AveragePlayer,10000,0.5,0.1,High card,28315,62318,65528,65603,65678,65753,65828,65903,65978,66053
AveragePlayer,10000,0.5,0.1,One pair,34075,47860,69895,73464,73539,73614,73689,73764,73805,73880
AveragePlayer,10000,0.5,0.1,One pair,5314,17241,5961,4749,3800,3040,2888,2311,1849,1480
AveragePlayer,10000,0.5,0.1,One pair,3940,3743,694,644,594,524,454,404,334,284
AveragePlayer,10000,0.5,0.1,Two pair,36000,50475,45339,59223,70871,70946,71021,71046,71121,71196
AveragePlayer,10000,0.5,0.1,Two pair,3940,286,236,186,136,86,36,36,36,0
AveragePlayer,10000,0.5,0.1,Two pair,7000,1534,1458,1338,1272,1222,1161,1080,346,296
AveragePlayer,10000,0.5,0.1,Three-of-a-Kind,8479,5039,2018,1918,245,195,145,95,45,45
AveragePlayer,10000,0.5,0.1,Three-of-a-Kind,4000,3200,3040,2888,2311,2196,1840,1472,1399,1120
AveragePlayer,10000,0.5,0.1,Three-of-a-Kind,5910,1615,1292,1242,1180,1130,1080,1030,931,881
AveragePlayer,10000,0.5,0.1,Straight,7950,3130,2974,2380,1864,1492,1370,1320,1270,1220
AveragePlayer,10000,0.5,0.1,Straight,5960,5910,4708,3767,2994,2396,1917,1534,1228,1178
AveragePlayer,10000,0.5,0.1,Straight,36050,57830,57905,75350,75425,75500,75575,75625,75700,75775
AveragePlayer,10000,0.5,0.1,Flush,9500,322,272,222,172,122,72,22,0,0
AveragePlayer,10000,0.5,0.1,Flush,8500,2823,2259,1808,1447,1328,1278,1228,1178,1128
AveragePlayer,10000,0.5,0.1,Flush,9477,8980,8531,5119,5069,4816,4766,4504,4454,3564
AveragePlayer,10000,0.5,0.1,Full house,9950,2988,2391,2341,2291,1833,1467,1394,1344,1277
AveragePlayer,10000,0.5,0.1,Full house,25037,36918,33481,13393,5575,4460,4410,4190,3890,3840
AveragePlayer,10000,0.5,0.1,Full house,9500,9025,5697,5413,4331,1263,1213,665,608,538
AveragePlayer,10000,0.5,0.1,Four-of-a-Kind,9950,9900,2856,2484,2188,1180,1130,1027,977,927
AveragePlayer,10000,0.5,0.1,Four-of-a-Kind,8500,8075,4810,4570,4520,4470,4199,3990,3791,3741
AveragePlayer,10000,0.5,0.1,Four-of-a-Kind,35337,35287,35237,29780,23299,22135,14122,4888,4838,4597
AveragePlayer,10000,0.5,0.1,Straight flush,9500,2500,2450,2400,2233,2122,2016,1966,1916,1866
AveragePlayer,10000,0.5,0.1,Straight flush,7000,6950,6900,6555,6228,5870,5820,5770,5720,5411
AveragePlayer,10000,0.5,0.1,Straight flush,3980,3781,3569,3367,3199,3149,3099,2897,2612,2482
AveragePlayer,10000,0.5,0.5,High card,35050,35125,35175,0,0,0,0,0,0,0
AveragePlayer,10000,0.5,0.5,High card,0,0,0,0,0,0,0,0,0,0
AveragePlayer,10000,0.5,0.5,High card,2440,0,0,0,0,0,0,0,0,0
AveragePlayer,10000,0.5,0.5,One pair,30219,0,0,0,0,0,0,0,0,0
AveragePlayer,10000,0.5,0.5,One pair,2389,1792,0,0,0,0,0,0,0,0
AveragePlayer,10000,0.5,0.5,One pair,2440,1830,0,0,0,0,0,0,0,0
AveragePlayer,10000,0.5,0.5,Two pair,5000,20075,30186,43492,0,0,0,0,0,0
AveragePlayer,10000,0.5,0.5,Two pair,5000,0,0,0,0,0,0,0,0,0
AveragePlayer,10000,0.5,0.5,Two pair,7500,0,0,0,0,0,0,0,0,0
AveragePlayer,10000,0.5,0.5,Three-of-a-Kind,0,0,0,0,0,0,0,0,0,0
AveragePlayer,10000,0.5,0.5,Three-of-a-Kind,30125,0,0,0,0,0,0,0,0,0
AveragePlayer,10000,0.5,0.5,Three-of-a-Kind,0,0,0,0,0,0,0,0,0,0
AveragePlayer,10000,0.5,0.5,Straight,7450,5588,0,0,0,0,0,0,0,0
AveragePlayer,10000,0.5,0.5,Straight,7480,1810,0,0,0,0,0,0,0,0
AveragePlayer,10000,0.5,0.5,Straight,0,0,0,0,0,0,0,0,0,0
AveragePlayer,10000,0.5,0.5,Flush,5000,3750,2775,2082,1524,1143,820,770,578,434
AveragePlayer,10000,0.5,0.5,Flush,9950,2375,0,0,0,0,0,0,0,0
AveragePlayer,10000,0.5,0.5,Flush,9950,7443,7393,0,0,0,0,0,0,0
AveragePlayer,10000,0.5,0.5,Full house,7482,997,0,0,0,0,0,0,0,0
AveragePlayer,10000,0.5,0.5,Full house,6958,6908,6858,3430,3380,2517,2467,2417,2454,2404
AveragePlayer,10000,0.5,0.5,Full house,4926,0,0,0,0,0,0,0,0,0
AveragePlayer,10000,0.5,0.5,Four-of-a-Kind,8500,536,402,352,264,214,164,114,64,14
AveragePlayer,10000,0.5,0.5,Four-of-a-Kind,8438,8388,6241,6191,4644,3483,0,0,0,0
AveragePlayer,10000,0.5,0.5,Four-of-a-Kind,8500,6375,4782,4732,4682,4632,3474,3424,3374,2531
AveragePlayer,10000,0.5,0.5,Straight flush,6958,5219,5169,5119,3821,2866,2125,1594,1544,1494
AveragePlayer,10000,0.5,0.5,Straight flush,8480,6360,1590,1193,876,657,554,504,378,284
AveragePlayer,10000,0.5,0.5,Straight flush,7500,5607,4206,4156,3117,3067,2262,1697,1273,637
AveragePlayer,10000,0.5,0.9,High card,0,0,0,0,0,0,0,0,0,0
AveragePlayer,10000,0.5,0.9,High card,0,0,0,0,0,0,0,0,0,0
AveragePlayer,10000,0.5,0.9,High card,946,0,0,0,0,0,0,0,0,0
AveragePlayer,10000,0.5,0.9,One pair,0,0,0,0,0,0,0,0,0,0
AveragePlayer,10000,0.5,0.9,One pair,1000,550,289,146,96,46,46,21,0,0
AveragePlayer,10000,0.5,0.9,One pair,1000,550,275,138,76,6,6,6,0,0
AveragePlayer,10000,0.5,0.9,Two pair,0,0,0,0,0,0,0,0,0,0
AveragePlayer,10000,0.5,0.9,Two pair,974,536,0,0,0,0,0,0,0,0
AveragePlayer,10000,0.5,0.9,Two pair,0,0,0,0,0,0,0,0,0,0
AveragePlayer,10000,0.5,0.9,Three-of-a-Kind,5500,3025,0,0,0,0,0,0,0,0
AveragePlayer,10000,0.5,0.9,Three-of-a-Kind,1000,550,303,0,0,0,0,0,0,0
AveragePlayer,10000,0.5,0.9,Three-of-a-Kind,5500,496,0,0,0,0,0,0,0,0
AveragePlayer,10000,0.5,0.9,Straight,960,0,0,0,0,0,0,0,0,0
AveragePlayer,10000,0.5,0.9,Straight,1000,0,0,0,0,0,0,0,0,0
AveragePlayer,10000,0.5,0.9,Straight,1000,550,303,0,0,0,0,0,0,0
AveragePlayer,10000,0.5,0.9,Flush,946,896,0,0,0,0,0,0,0,0
AveragePlayer,10000,0.5,0.9,Flush,960,528,291,0,0,0,0,0,0,0
AveragePlayer,10000,0.5,0.9,Flush,8438,790,435,0,0,0,0,0,0,0
AveragePlayer,10000,0.5,0.9,Full house,0,0,0,0,0,0,0,0,0,0
AveragePlayer,10000,0.5,0.9,Full house,1000,550,303,167,117,65,15,15,15,15
AveragePlayer,10000,0.5,0.9,Full house,5500,3012,1630,0,0,0,0,0,0,0
AveragePlayer,10000,0.5,0.9,Four-of-a-Kind,5453,5403,5353,2917,2867,1577,1527,840,462,255
AveragePlayer,10000,0.5,0.9,Four-of-a-Kind,1000,550,303,167,117,67,17,17,17,17
AveragePlayer,10000,0.5,0.9,Four-of-a-Kind,23575,23525,12912,7102,7052,3879,3829,2106,1159,610
AveragePlayer,10000,0.5,0.9,Straight flush,5487,3018,2968,1633,1583,871,821,771,721,397
AveragePlayer,10000,0.5,0.9,Straight flush,5487,5437,2963,2913,2863,2813,2763,1520,836,460
AveragePlayer,10000,0.5,0.9,Straight flush,9950,5473,549,499,449,399,220,121,71,46
AveragePlayer,10000,0.9,0.1,High card,32295,51722,51797,51872,51947,52022,52097,52172,52247,52322
AveragePlayer,10000,0.9,0.1,High card,4000,14425,3706,3474,2740,2192,2083,1979,613,535
AveragePlayer,10000,0.9,0.1,High card,3990,3791,2993,2395,1797,1289,1225,1164,732,682
AveragePlayer,10000,0.9,0.1,One pair,3950,3160,2508,2007,1606,1285,1221,1171,1121,1065
AveragePlayer,10000,0.9,0.1,One pair,3880,3104,2444,1956,1565,1252,1190,1131,1075,1022
AveragePlayer,10000,0.9,0.1,One pair,4000,3200,2560,2048,1639,1312,1199,1140,1036,985
AveragePlayer,10000,0.9,0.1,Two pair,36285,58131,58206,58231,58306,58381,58456,58531,70365,70440
AveragePlayer,10000,0.9,0.1,Two pair,32320,51897,51972,52047,52122,52197,47059,56545,67904,67929
AveragePlayer,10000,0.9,0.1,Two pair,4000,3200,2520,2394,1916,1821,1730,1384,1292,1242
AveragePlayer,10000,0.9,0.1,Three-of-a-Kind,5975,2270,1816,1413,1343,1276,1213,1153,1096,507
AveragePlayer,10000,0.9,0.1,Three-of-a-Kind,4000,3200,2560,2008,1587,1270,1220,1159,1054,1002
AveragePlayer,10000,0.9,0.1,Three-of-a-Kind,6000,4800,3840,3072,2418,1935,1548,1239,1178,1120
AveragePlayer,10000,0.9,0.1,Straight,3940,3112,2450,1960,1568,1215,1155,1098,1048,996
AveragePlayer,10000,0.9,0.1,Straight,4000,3200,3040,2432,1906,1525,1220,1159,1109,1054
AveragePlayer,10000,0.9,0.1,Straight,3940,3152,2522,1978,1583,1267,1157,1100,1045,993
AveragePlayer,10000,0.9,0.1,Flush,3880,3104,3054,2902,2302,1308,1219,1111,1008,938
AveragePlayer,10000,0.9,0.1,Flush,28255,26843,37980,34182,25005,48585,68149,68224,75121,75146
AveragePlayer,10000,0.9,0.1,Flush,34075,28966,26045,52290,62823,62873,62948,63023,63098,72635
AveragePlayer,10000,0.9,0.1,Full house,3990,3767,3555,2844,2276,2226,2115,2010,1910,1508
AveragePlayer,10000,0.9,0.1,Full house,32100,48450,48525,45880,55181,46904,55033,60610,51460,30826
AveragePlayer,10000,0.9,0.1,Full house,3940,3743,3556,3379,3211,3051,2441,2319,1816,1702
AveragePlayer,10000,0.9,0.1,Four-of-a-Kind,5440,1143,1093,1043,993,943,893,843,613,417
AveragePlayer,10000,0.9,0.1,Four-of-a-Kind,3950,3753,3703,3518,3343,3176,3018,2820,2679,2522
AveragePlayer,10000,0.9,0.1,Four-of-a-Kind,5377,5327,2723,1705,1620,1539,1463,1413,1363,1313
AveragePlayer,10000,0.9,0.1,Straight flush,8500,4675,4394,4175,3967,3769,3581,3531,3355,3188
AveragePlayer,10000,0.9,0.1,Straight flush,6975,1905,1810,1720,235,185,135,85,35,35
AveragePlayer,10000,0.9,0.1,Straight flush,8500,1900,1805,1715,1606,1526,1450,1400,1350,1300
AveragePlayer,10000,0.9,0.5,High card,0,0,0,0,0,0,0,0,0,0
AveragePlayer,10000,0.9,0.5,High card,0,0,0,0,0,0,0,0,0,0
AveragePlayer,10000,0.9,0.5,High card,0,0,0,0,0,0,0,0,0,0
AveragePlayer,10000,0.9,0.5,One pair,0,0,0,0,0,0,0,0,0,0
AveragePlayer,10000,0.9,0.5,One pair,0,0,0,0,0,0,0,0,0,0
AveragePlayer,10000,0.9,0.5,One pair,0,0,0,0,0,0,0,0,0,0
AveragePlayer,10000,0.9,0.5,Two pair,0,0,0,0,0,0,0,0,0,0
AveragePlayer,10000,0.9,0.5,Two pair,0,0,0,0,0,0,0,0,0,0
AveragePlayer,10000,0.9,0.5,Two pair,0,0,0,0,0,0,0,0,0,0
AveragePlayer,10000,0.9,0.5,Three-of-a-Kind,0,0,0,0,0,0,0,0,0,0
AveragePlayer,10000,0.9,0.5,Three-of-a-Kind,0,0,0,0,0,0,0,0,0,0
AveragePlayer,10000,0.9,0.5,Three-of-a-Kind,0,0,0,0,0,0,0,0,0,0
AveragePlayer,10000,0.9,0.5,Straight,0,0,0,0,0,0,0,0,0,0
AveragePlayer,10000,0.9,0.5,Straight,0,0,0,0,0,0,0,0,0,0
AveragePlayer,10000,0.9,0.5,Straight,0,0,0,0,0,0,0,0,0,0
AveragePlayer,10000,0.9,0.5,Flush,0,0,0,0,0,0,0,0,0,0
AveragePlayer,10000,0.9,0.5,Flush,2500,1875,0,0,0,0,0,0,0,0
AveragePlayer,10000,0.9,0.5,Flush,0,0,0,0,0,0,0,0,0,0
AveragePlayer,10000,0.9,0.5,Full house,0,0,0,0,0,0,0,0,0,0
AveragePlayer,10000,0.9,0.5,Full house,0,0,0,0,0,0,0,0,0,0
AveragePlayer,10000,0.9,0.5,Full house,0,0,0,0,0,0,0,0,0,0
AveragePlayer,10000,0.9,0.5,Four-of-a-Kind,2500,1857,1393,1045,784,551,376,282,232,182
AveragePlayer,10000,0.9,0.5,Four-of-a-Kind,2500,1875,1407,1037,778,584,438,329,247,197
AveragePlayer,10000,0.9,0.5,Four-of-a-Kind,6916,2622,1967,1476,0,0,0,0,0,0
AveragePlayer,10000,0.9,0.5,Straight flush,2446,1835,1377,996,747,542,407,357,307,231
AveragePlayer,10000,0.9,0.5,Straight flush,4960,3702,3652,3602,2702,2027,1483,1433,1056,755
AveragePlayer,10000,0.9,0.5,Straight flush,2389,1792,1307,962,722,542,407,357,268,218
AveragePlayer,10000,0.9,0.9,High card,0,0,0,0,0,0,0,0,0,0
AveragePlayer,10000,0.9,0.9,High card,0,0,0,0,0,0,0,0,0,0
AveragePlayer,10000,0.9,0.9,High card,0,0,0,0,0,0,0,0,0,0
AveragePlayer,10000,0.9,0.9,One pair,0,0,0,0,0,0,0,0,0,0
AveragePlayer,10000,0.9,0.9,One pair,0,0,0,0,0,0,0,0,0,0
AveragePlayer,10000,0.9,0.9,One pair,0,0,0,0,0,0,0,0,0,0
AveragePlayer,10000,0.9,0.9,Two pair,0,0,0,0,0,0,0,0,0,0
AveragePlayer,10000,0.9,0.9,Two pair,0,0,0,0,0,0,0,0,0,0
AveragePlayer,10000,0.9,0.9,Two pair,1000,0,0,0,0,0,0,0,0,0
AveragePlayer,10000,0.9,0.9,Three-of-a-Kind,0,0,0,0,0,0,0,0,0,0
AveragePlayer,10000,0.9,0.9,Three-of-a-Kind,0,0,0,0,0,0,0,0,0,0
AveragePlayer,10000,0.9,0.9,Three-of-a-Kind,0,0,0,0,0,0,0,0,0,0
AveragePlayer,10000,0.9,0.9,Straight,0,0,0,0,0,0,0,0,0,0
AveragePlayer,10000,0.9,0.9,Straight,960,0,0,0,0,0,0,0,0,0
AveragePlayer,10000,0.9,0.9,Straight,0,0,0,0,0,0,0,0,0,0
AveragePlayer,10000,0.9,0.9,Flush,0,0,0,0,0,0,0,0,0,0
AveragePlayer,10000,0.9,0.9,Flush,960,0,0,0,0,0,0,0,0,0
AveragePlayer,10000,0.9,0.9,Flush,5500,3025,0,0,0,0,0,0,0,0
AveragePlayer,10000,0.9,0.9,Full house,975,537,296,163,113,63,13,0,0,0
AveragePlayer,10000,0.9,0.9,Full house,1000,0,0,0,0,0,0,0,0,0
AveragePlayer,10000,0.9,0.9,Full house,0,0,0,0,0,0,0,0,0,0
AveragePlayer,10000,0.9,0.9,Four-of-a-Kind,974,536,268,218,120,70,20,20,20,20
AveragePlayer,10000,0.9,0.9,Four-of-a-Kind,974,509,280,154,104,54,4,4,4,4
AveragePlayer,10000,0.9,0.9,Four-of-a-Kind,5450,521,287,158,108,58,8,8,8,8
AveragePlayer,10000,0.9,0.9,Straight flush,960,528,291,161,111,61,11,11,0,0
AveragePlayer,10000,0.9,0.9,Straight flush,5254,498,274,124,74,24,24,24,0,0
AveragePlayer,10000,0.9,0.9,Straight flush,1000,550,303,167,117,67,17,17,17,17
